id,canonical_name,aliases,country_iso3,sectors,status,location_precision,lat,lon,geom_wkt,summary,notes,created_at,updated_at
wba_prj_01HREAL001,Hwange Thermal Power Station Expansion Units 7 & 8,Hwange 7&8,ZWE,other,commissioned,exact,-18.383,26.48,,"Hwange 600 MW expansion by Sinohydro, 85% Exim Bank financing, commissioned 2023",,2026-09-11,2026-09-11
wba_prj_01HREAL002,Kariba South Hydropower Station Expansion,Kariba South Extension,ZWE,hydropower,commissioned,exact,-16.521,28.761,POINT(28.761 -16.521),"Kariba South 2x150 MW expansion by Sinohydro, $319m Exim Bank, commissioned 2018",,2026-09-11,2026-09-11
wba_prj_01HREAL003,Robert Gabriel Mugabe International Airport Expansion,RGM Airport Expansion,ZWE,airports,commissioned,approximate,-17.931,31.092,,"Harare airport capacity 2.5m to 6m, CJI contractor, RMB 1.045bn Exim Bank loan, 2023",,2026-09-11,2026-09-11
wba_prj_01HREAL004,Nairobi Expressway,JKIA–Westlands Expressway,KEN,roads|urban_development,commissioned,corridor,,,"LINESTRING(36.92 -1.31, 36.78 -1.28)","27.1 km elevated toll road by CRBC/CCCC via Moja Expressway, PPP BOT, trial 2022",,2026-09-11,2026-09-11
wba_prj_01HREAL005,Mombasa–Nairobi Standard Gauge Railway Phase 1,SGR Kenya Phase 1,KEN,railways,commissioned,corridor,,,"LINESTRING(39.66 -4.05, 36.82 -1.29)","472 km heavy rail by CRBC, 90% Exim Bank financing, inaugurated 2017",,2026-09-11,2026-09-11
wba_prj_01HREAL006,Lake Turkana Wind Power Project,LTWP,KEN,wind_power,commissioned,exact,2.85,36.82,POINT(36.82 2.85),"310 MW wind farm by Vestas, 365 turbines, Africa's largest, commissioned 2018",,2026-09-11,2026-09-11
wba_prj_01HREAL007,Addis Ababa Light Rail Transit,Addis LRT,ETH,public_transport|railways,commissioned,corridor,,,"LINESTRING(38.78 8.98, 38.77 9.03)","34.25 km light rail by CREC/CREEC, $475m, 85% Exim Bank, opened 2015",,2026-09-11,2026-09-11
wba_prj_01HREAL008,Addis Ababa–Djibouti Standard Gauge Railway,Ethio-Djibouti Railway,ETH,railways,commissioned,corridor,,,"LINESTRING(38.74 9.03, 43.0 11.59)","752.7 km electrified heavy rail by CREC/CCECC, ~$4bn Exim Bank, opened 2016",,2026-09-11,2026-09-11
wba_prj_01HREAL009,Grand Ethiopian Renaissance Dam,GERD,ETH,hydropower|dams,commissioned,exact,11.22,35.09,POINT(35.09 11.22),"5,150 MW hydropower by Webuild (Italy), domestically financed, inaugurated 2025",,2026-09-11,2026-09-11
wba_prj_01HREAL010,"New Parliament Building, Mount Hampden",New Parliament Zimbabwe,ZWE,government_buildings,commissioned,exact,-17.689,30.943,POINT(30.943 -17.689),"New Parliament 33,000 sqm 650 seats by Shanghai Construction Group, China Aid grant RMB 675.8m, handed over 2023",,2026-09-11,2026-09-11
wba_prj_01HREAL011,Victoria Falls International Airport Expansion,Victoria Falls Airport,ZWE,airports,commissioned,exact,-18.096,25.839,POINT(25.839 -18.096),"Victoria Falls Airport capacity 500k to 1.5m, runway 4km, China Jiangsu, $150m Exim loan, 2016",,2026-09-11,2026-09-11
wba_prj_01HREAL012,Kenya Advanced Institute of Science and Technology at Konza,Kenya-KAIST,KEN,schools|universities|telecommunications,proposed,approximate,-1.057,37.095,,"Kenya-KAIST at Konza Technopolis, Korea Eximbank EDCF $94.7m loan, KAIST consortium design, 2019",,2026-09-11,2026-09-11
wba_prj_01HREAL013,Lamu Port First Three Berths,Lamu Port Berths 1-3,KEN,ports,commissioned,exact,-2.416,40.910,POINT(40.910 -2.416),"Lamu Port first 3 berths by CCCC/CRBC $484m, Phase 1 of LAPSSET, Berth 1 commissioned 2021",,2026-09-11,2026-09-11
wba_prj_01HREAL014,Hawassa Industrial Park,Hawassa Park,ETH,industrial_parks|manufacturing,commissioned,exact,7.060,38.476,POINT(38.476 7.060),"Hawassa Industrial Park 1.38m sqm by CCECC $246m, 9 months build, inaugurated 2016",,2026-09-11,2026-09-11
wba_prj_01HREAL015,Kazungula Bridge,Kazungula Bridge,BWA,bridges,commissioned,exact,-17.775,25.262,POINT(25.262 -17.775),"Kazungula 923m extradosed road/rail bridge by Daewoo E&C $161m, Botswana/Zambia cross-border, 2021",,2026-09-11,2026-09-11
wba_prj_01HREAL016,Beitbridge Border Post Modernisation,Beitbridge Border,ZWE,other,commissioned,exact,-22.217,29.987,POINT(29.987 -22.217),"Beitbridge border post $300m modernisation by Raubex/Zimborders, 17yr BOT, commissioned Dec 2022",,2026-09-11,2026-09-11
wba_prj_01HREAL017,TelOne National Broadband Telecommunication Project,TelOne NBB,ZWE,telecommunications|digital_infrastructure,commissioned,approximate,-17.829,31.053,,"TelOne broadband and 2 data centres by Huawei, $98.6m China Exim PBC, 2017",,2026-09-11,2026-09-11
wba_prj_01HREAL018,Thwake Multipurpose Water Development Program,Thwake Dam,KEN,dams|water_supply|hydropower,construction_started,exact,-1.789,37.738,POINT(37.738 -1.789),"Thwake Dam 80.5m 534M m3 by CGGC, AfDB $370m Phase 1, signed 2017",,2026-09-11,2026-09-11
wba_prj_01HREAL019,Mombasa Port Second Container Terminal,Mombasa Berths 20-21,KEN,ports,commissioned,exact,-4.054,39.636,POINT(39.636 -4.054),"Mombasa Port second terminal by Toyo Construction, JICA Sh32bn loan, 2016/2022",,2026-09-11,2026-09-11
wba_prj_01HREAL020,Adama Wind Power Project I & II,Adama Wind,ETH,wind_power,commissioned,exact,8.458,39.250,POINT(39.250 8.458),"Adama 204 MW wind by CGCOC/HydroChina, 136 turbines Goldwind, China Exim $392m, 2015",,2026-09-11,2026-09-11
wba_prj_01HREAL021,Addis Ababa Bole International Airport Expansion,Bole Airport Expansion,ETH,airports,commissioned,exact,8.978,38.797,POINT(38.797 8.978),"Bole Airport expansion by CCCC, capacity 7m to 22m, financed China Exim, 2015",,2026-09-11,2026-09-11
wba_prj_01HREAL022,Kafue Gorge Lower Hydropower Station,Kafue Gorge Lower,ZMB,hydropower|dams,commissioned,exact,-15.803,28.424,POINT(28.424 -15.803),"Kafue Gorge Lower 750 MW 5x150MW by Sinohydro, $2bn, 85% Exim+ICBC, 2021",,2026-09-11,2026-09-11
wba_prj_01HREAL023,Julius Nyerere Hydropower Plant and Dam,Nyerere Dam,TZA,hydropower|dams,commissioned,exact,-7.809,37.861,POINT(37.861 -7.809),"Nyerere 2115 MW 9x235MW by Arab Contractors/Elsewedy, $2.9bn, 2024",,2026-09-11,2026-09-11
wba_prj_01HREAL024,Maputo-Katembe Bridge,Maputo Bay Bridge,MOZ,bridges,commissioned,exact,-25.973,32.572,POINT(32.572 -25.973),"Maputo-Katembe 3,041m suspension by CRBC, $785m 85% Exim loan, opened 2018-11-10",,2026-09-11,2026-09-11
wba_prj_01HREAL025,New Bugesera International Airport,Bugesera Airport,RWA,airports,construction_started,exact,-2.130,30.181,POINT(30.181 -2.130),"Bugesera Airport $818m PPP by Mota-Engil 75%, 25yr DBFOM, construction started",,2026-09-11,2026-09-11
wba_prj_01HREAL026,Dakar Regional Express Train,Dakar TER,SEN,railways|public_transport,commissioned,corridor,,,"LINESTRING(-17.45 14.69, -17.07 14.78)","Dakar TER 55km electrified double track by Eiffage/Yapi Merkezi/CSE, ERTMS, 2016-2021",,2026-09-11,2026-09-11
wba_prj_01HREAL027,Bui Hydropower Dam,Bui Dam,GHA,hydropower|dams,commissioned,exact,8.278,-2.121,POINT(-2.121 8.278),"Bui 400MW 3x133MW by Sinohydro, $790m, 60yr, commissioned 2013",,2026-09-11,2026-09-11
wba_prj_01HREAL028,Lauca Hydroelectric Power Station,Lauca Dam,AGO,hydropower|dams,commissioned,exact,-9.743,15.121,POINT(15.121 -9.743),"Lauca 2070MW 6x338MW by Odebrecht/OEC, $4.3bn, ANDRITZ turbines, 2017-2023",,2026-09-11,2026-09-11
wba_prj_01HREAL029,Kampala-Entebbe Expressway,Kampala-Entebbe Road,UGA,roads,commissioned,corridor,,,"LINESTRING(32.56 0.32, 32.47 0.06)","Kampala-Entebbe 51.4km 4-lane toll by CCCC, $476m 2/3 Exim $350m, 2018",,2026-09-11,2026-09-11
wba_prj_01HREAL030,National Fibre Backbone Project Phase I-II,Malawi Fibre Backbone,MWI,telecommunications|digital_infrastructure,commissioned,exact,-13.962,33.787,POINT(33.787 -13.962),"Malawi 4000km fibre by Huawei, $121.8m China Exim, completed 2018",,2026-09-11,2026-09-11
wba_prj_01HREAL031,Tokwe-Mukosi Dam,Tokwe-Mukosi,ZWE,dams|water_supply,commissioned,exact,-20.728,30.507,POINT(30.507 -20.728),"Tokwe-Mukosi Dam 90.3m CFR 1.8Bn m3 by Webuild, completed Dec 2016",,2026-09-11,2026-09-11
wba_prj_01HREAL032,NetOne Broadband Expansion Project Phase 3,NetOne Phase 3,ZWE,telecommunications|digital_infrastructure,commissioned,approximate,-17.825,31.033,,"NetOne 345 base stations 4G/5G by Huawei, RMB485m $71m, 2019",,2026-09-11,2026-09-11
wba_prj_01HREAL033,Olkaria Geothermal Power Plants,Olkaria Geothermal,KEN,hydropower,commissioned,exact,-0.892,36.287,POINT(36.287 -0.892),"Olkaria Geothermal 140MW Units 4&5 + Olkaria V by JICA/Toshiba, 2015",,2026-09-11,2026-09-11
wba_prj_01HREAL034,Nairobi Outer Ring Road Improvement Project,Outer Ring Road,KEN,roads,commissioned,corridor,,,"LINESTRING(36.86 -1.28, 36.89 -1.31)","Outer Ring Road 13km dual carriageway by China Wu Yi, AfDB UA77.6m, launched 2015",,2026-09-11,2026-09-11
wba_prj_01HREAL036,Kenneth Kaunda International Airport Expansion,KKIA Expansion,ZMB,airports,commissioned,exact,-15.325,28.449,POINT(28.449 -15.325),"KKIA Terminal 2 6M pax by CJIC, $360m Exim loan, 2015-2021",,2026-09-11,2026-09-11
wba_prj_01HREAL037,Tanzania Standard Gauge Railway Lots 3 & 4,Tanzania SGR 3-4,TZA,railways,construction_started,corridor,,,"LINESTRING(33.44 -6.16, 32.80 -5.02)","Tanzania SGR Makutopora-Tabora 368km + Tabora-Isaka 130km by Yapi Merkezi, $1.9bn, Dec 2021",,2026-09-11,2026-09-11
wba_prj_01HREAL038,Nacala Railway and Port Corridor,Nacala Corridor,MOZ,railways|ports,commissioned,corridor,,,"LINESTRING(40.78 -14.54, 35.58 -14.38)","Nacala 912km rail+port corridor by Vale/Mitsui, 18MTPA coal, 2015-2017",,2026-09-11,2026-09-11
wba_prj_01HREAL039,Tema Port Expansion Terminal 3,Tema Port T3,GHA,ports,commissioned,exact,5.618,-0.018,POINT(-0.018 5.618),"Tema Port T3 3M TEU by APM/Bollore/CHEC, 1.4km quay, 2016-2019",,2026-09-11,2026-09-11
wba_prj_01HREAL040,Caculo Cabaca Hydropower Station,Caculo Cabaca,AGO,hydropower|dams,construction_started,exact,-9.312,16.016,POINT(16.016 -9.312),"Caculo Cabaca 2172MW by CGGC, ICBC 85% $4.5bn, construction Aug 2017, expected 2026",,2026-09-11,2026-09-11
wba_prj_01HREAL041,Noor Ouarzazate Solar Complex,Noor Ouarzazate,MAR,solar_power,commissioned,exact,31.048,-6.869,POINT(-6.869 31.048),"Noor Ouarzazate 580MW solar by ACWA Power/MASEN, Phase I 160MW 2016, $840m",,2026-09-11,2026-09-11
wba_prj_01HREAL042,Walvis Bay New Container Terminal,Walvis Bay Terminal,NAM,ports,commissioned,exact,-22.959,14.481,POINT(14.481 -22.959),"Walvis Bay 40ha reclaimed 750k TEU by CHEC, $260m, AfDB $200m, launched 2019",,2026-09-11,2026-09-11
wba_prj_01HREAL043,Kribi Deep Sea Port Phase I & II,Kribi Port,CMR,ports,commissioned,exact,2.945,9.909,POINT(9.909 2.945),"Kribi Deep Sea Port 615m+715m wharf by CHEC, CMA CGM/Bollore concession, 2018/2025",,2026-09-11,2026-09-11
wba_prj_01HREAL044,Gautrain Rapid Rail System,Gautrain,ZAF,railways|public_transport,commissioned,corridor,,,"LINESTRING(28.05 -26.20, 28.11 -25.75)","Gautrain 80km 10 stations Johannesburg-Pretoria by Bombela Bouygues/Bombardier, 2006-2012",,2026-09-11,2026-09-11
wba_prj_01HREAL045,Busanga Hydropower Plant,Busanga,COD,hydropower|dams,commissioned,exact,-10.917,26.909,POINT(26.909 -10.917),"Busanga 240MW by PowerChina/CREC, SICOMINES $14bn, commissioned Oct 2023",,2026-09-11,2026-09-11
wba_prj_01HREAL046,New Administrative Capital Central Business District,New Capital CBD,EGY,urban_development,commissioned,exact,30.020,31.667,POINT(31.667 30.020),"New Capital CBD 20 towers 385.8m Iconic Tower by CSCEC $3bn, structures 2022",,2026-09-11,2026-09-11
wba_prj_01HREAL047,Blaise Diagne International Airport,AIBD Dakar,SEN,airports,commissioned,exact,14.670,-17.073,POINT(-17.073 14.670),"Blaise Diagne Airport 3M pax by Limak/Summa, BOT 25yr, opened Dec 2017",,2026-09-11,2026-09-11
wba_prj_01HREAL048,BK Arena,Kigali Arena,RWA,other,commissioned,exact,-1.953,30.091,POINT(30.091 -1.953),"BK Arena 10,000 seats 28,750m2 by Summa Construction, 6 months 2019, $104m",,2026-09-11,2026-09-11
wba_prj_01HREAL049,Karuma Hydropower Plant,Karuma,UGA,hydropower|dams,commissioned,exact,2.235,32.233,POINT(32.233 2.235),"Karuma 600MW 6x100MW by Sinohydro, $1.7bn 85% Exim, commissioned Sep 2024",,2026-09-11,2026-09-11
wba_prj_01HREAL050,Zagtouli Solar Power Station,Zagtouli Solar,BFA,solar_power,commissioned,exact,12.382,-1.477,POINT(-1.477 12.382),"Zagtouli 33MW 129k panels 55ha by Cegelec/Vinci, EU 25m + AFD 22.5m, commissioned Nov 2017",,2026-09-11,2026-09-11
wba_prj_01HREAL053,Akosombo Dam,Volta Dam,GHA,hydropower|dams,commissioned,exact,-0.054,0.053,POINT(0.053 -0.054),"Akosombo Dam by Impregilo, 1961-1965, Volta River",,2026-09-11,2026-09-11
wba_prj_01HREAL055,Aswan High Dam,Aswan Dam,EGY,hydropower|dams,commissioned,exact,23.973,32.881,POINT(32.881 23.973),"Aswan High Dam by Soviet Hydroproject, 1960-1971",,2026-09-11,2026-09-11
wba_prj_01HREAL056,Great Man-Made River Phases I-III,GMR,LBY,water_supply|irrigation,commissioned,corridor,,,"LINESTRING(16.0 32.0, 20.0 30.0)","Great Man-Made River by Dong Ah Korea, Phases I-II 1984-1996, III delayed post-2011",,2026-09-11,2026-09-11
wba_prj_01HREAL061,Bagamoyo Port and Special Economic Zone,Bagamoyo Port,TZA,ports|special_economic_zones,suspended,approximate,-6.478,38.901,,"Bagamoyo Port $10bn by China Merchants/Oman, framework 2013 suspended 2019",,2026-09-11,2026-09-11
wba_prj_01HREAL062,East African Crude Oil Pipeline,EACOP,UGA,oil_gas,construction_started,corridor,,,"LINESTRING(30.00 1.37, 39.20 -6.82)","EACOP 1443km Hoima-Tanga by TotalEnergies/CNOOC, FID 2022, target 2026",,2026-09-11,2026-09-11
wba_prj_01HREAL065,Djamaa El Djazair - Great Mosque of Algiers,Great Mosque Algiers,DZA,other,commissioned,exact,36.739,3.031,POINT(3.031 36.739),"Great Mosque of Algiers by CSCEC China 1bn 2012-2019, inaugurated 2024",,2026-09-11,2026-09-11
wba_prj_01HREAL068,Doraleh Container Terminal,Doraleh DCT,DJI,ports,cancelled,exact,11.600,43.150,POINT(43.150 11.600),Doraleh Container Terminal by DP World UAE BOT 30yr 2006-2018 cancelled 2018,,2026-09-11,2026-09-11
wba_prj_01HREAL069,Morupule B Power Station,Morupule B,BWA,other,commissioned,exact,-22.514,27.030,POINT(27.030 -22.514),"Morupule B 600MW 4x150MW by CNEEC China $970m, commissioned 2012-2014 defective",,2026-09-11,2026-09-11
wba_prj_01HREAL078,Boali Hydropower Complex Rehabilitation,Boali Complex,CAF,hydropower|dams,commissioned,exact,4.800,18.100,POINT(18.100 4.800),"Boali I/II/III 15+20+10MW by CGGC China, AfDB, HNAC Boali 2 2021",,2026-09-11,2026-09-11
wba_prj_01HREAL080,Bambao-Mtsanga Hospital,Hôpital Bambao,COM,hospitals,commissioned,exact,-11.750,43.400,POINT(43.400 -11.750),"Bambao 120-bed Hospital by China Jiangsu RMB56.5m, El-Maarouf CHU by CSYIC RMB430m, grant 2017",,2026-09-11,2026-09-11
wba_prj_01HREAL081,Pointe-Noire to Brazzaville National Highway No.1,RN1 Dream Road,COG,roads,commissioned,corridor,,,"LINESTRING(15.03 -4.77, 15.27 -4.26)","Pointe-Noire-Brazzaville 535km RN1 by CSCEC China, Mar 2008-Mar 2016, inaugurated 2016",,2026-09-11,2026-09-11
wba_prj_01HREAL086,Senegambia Bridge,Trans-Gambia Bridge,GMB,bridges|roads,commissioned,exact,13.534,-15.928,POINT(-15.928 13.534),"Senegambia Bridge 1.9km by Isolux Corsan Spain/Arezki Senegal, AfDB/EU, opened Jan 2019",,2026-09-11,2026-09-11
wba_prj_01HREAL087,Bissau-Safim Highway,Bissau Safim 8.2km,GNB,roads,commissioned,exact,11.865,-15.583,POINT(-15.583 11.865),"Bissau-Safim 8.2km by Longjian China, $30m grant, inaugurated Jun 2025",,2026-09-11,2026-09-11
wba_prj_01HREAL090,Sahofika Hydropower Project,Sahofika,MDG,hydropower|dams,proposed,exact,-19.250,47.850,POINT(47.850 -19.250),"Sahofika 192MW by Eranove/Eiffage France, ESIA 2019, pre-construction",,2026-09-11,2026-09-11
wba_prj_01HREAL093,Metro Express Light Rail,Metro Express,MUS,railways|public_transport,commissioned,corridor,,,"LINESTRING(57.49 -20.24, 57.50 -20.16)","Metro Express 26km Curepipe-Port Louis 19 stations by Larsen & Toubro India Rs557m, 2017-2019",,2026-09-11,2026-09-11
wba_prj_01HREAL094,Sao Tome International Airport Upgrade,Sao Tome Airport,STP,airports,proposed,exact,0.380,6.712,POINT(6.712 0.380),"Sao Tome Airport 2,170 to 2,800m by FB Group Turkey 300m BOT + China $100m grant, 2024",,2026-09-11,2026-09-11
wba_prj_01HREAL101,El Dabaa Nuclear Power Plant,,EGY,other,commissioned,country,,,,El Dabaa Nuclear Power Plant by Rosatom,,2026-09-11,2026-09-11
wba_prj_01HREAL102,Egypt High-Speed Rail 2000km,,EGY,railways,commissioned,country,,,,Egypt High-Speed Rail 2000km by Siemens Mobility,,2026-09-11,2026-09-11
wba_prj_01HREAL103,Lekki Deep Sea Port,,NGA,ports,commissioned,country,,,,Lekki Deep Sea Port by China Harbour Engineering Company,,2026-09-11,2026-09-11
wba_prj_01HREAL104,Zungeru Hydropower 700MW,,NGA,hydropower,commissioned,country,,,,Zungeru Hydropower 700MW by Sinohydro,,2026-09-11,2026-09-11
wba_prj_01HREAL105,Nachtigal Hydropower 420MW,,CMR,hydropower,commissioned,country,,,,Nachtigal Hydropower 420MW by EDF,,2026-09-11,2026-09-11
wba_prj_01HREAL106,Koysha Hydropower 2200MW,,ETH,hydropower,commissioned,country,,,,Koysha Hydropower 2200MW by WeBuild,,2026-09-11,2026-09-11
wba_prj_01HREAL107,Second River Niger Bridge,,NGA,bridges,commissioned,country,,,,Second River Niger Bridge by Julius Berger,,2026-09-11,2026-09-11
wba_prj_01HREAL108,Antonio Agostinho Neto Airport Luanda,,AGO,airports,commissioned,country,,,,Antonio Agostinho Neto Airport Luanda by AVIC International,,2026-09-11,2026-09-11
wba_prj_01HREAL109,Henri Konan Bedie Bridge,,CIV,bridges,commissioned,country,,,,Henri Konan Bedie Bridge by Bouygues Travaux Publics,,2026-09-11,2026-09-11
wba_prj_01HREAL110,Isimba Hydropower 183MW,,UGA,hydropower,commissioned,country,,,,Isimba Hydropower 183MW by CWE,,2026-09-11,2026-09-11
wba_prj_01HREAL111,Lagos Blue Line 27km,,NGA,public_transport,commissioned,country,,,,Lagos Blue Line 27km by CCECC,,2026-09-11,2026-09-11
wba_prj_01HREAL112,Algiers Metro Line 1,,DZA,public_transport,commissioned,country,,,,Algiers Metro Line 1 by VINCI,,2026-09-11,2026-09-11
wba_prj_01HREAL113,Memve'ele Hydropower 211MW,,CMR,hydropower,commissioned,country,,,,Memve'ele Hydropower 211MW by Sinohydro,,2026-09-11,2026-09-11
wba_prj_01HREAL114,Lagos-Ibadan Railway 157km,,NGA,railways,commissioned,country,,,,Lagos-Ibadan Railway 157km by CCECC,,2026-09-11,2026-09-11
wba_prj_01HREAL115,Benban Solar Park 390MW,,EGY,solar_power,commissioned,country,,,,Benban Solar Park 390MW by Scatec,,2026-09-11,2026-09-11
wba_prj_01HREAL116,Tanger Med Port Complex,,MAR,ports,commissioned,country,,,,Tanger Med Port Complex by Bouygues Construction,,2026-09-11,2026-09-11
wba_prj_01HREAL117,Casablanca Tramway,,MAR,public_transport,commissioned,country,,,,Casablanca Tramway by Alstom,,2026-09-11,2026-09-11
wba_prj_01HREAL118,Kotoka Airport Terminal 3,,GHA,airports,commissioned,country,,,,Kotoka Airport Terminal 3 by Mapa Construction,,2026-09-11,2026-09-11
wba_prj_01HREAL119,Medupi Power Station 4800MW,,ZAF,other,commissioned,country,,,,Medupi Power Station 4800MW by Hitachi Power Europe,,2026-09-11,2026-09-11
wba_prj_01HREAL120,Gibe III Hydropower 1870MW,,ETH,hydropower,commissioned,country,,,,Gibe III Hydropower 1870MW by WeBuild,,2026-09-11,2026-09-11
wba_prj_01HREAL121,Souapiti Hydropower 450MW,,GIN,hydropower,commissioned,country,,,,Souapiti Hydropower 450MW by CWE,,2026-09-11,2026-09-11
wba_prj_01HREAL122,Kaleta Hydropower 240MW,,GIN,hydropower,commissioned,country,,,,Kaleta Hydropower 240MW by CWE,,2026-09-11,2026-09-11
wba_prj_01HREAL123,Rusumo Falls Hydropower 80MW,,RWA,hydropower,commissioned,country,,,,Rusumo Falls Hydropower 80MW by CGCOC Group,,2026-09-11,2026-09-11
wba_prj_01HREAL124,Julius Nyerere Airport Terminal 3,,TZA,airports,commissioned,country,,,,Julius Nyerere Airport Terminal 3 by BAM International,,2026-09-11,2026-09-11
wba_prj_01HREAL125,Kinguele Aval Hydropower 35MW,,GAB,hydropower,commissioned,country,,,,Kinguele Aval Hydropower 35MW by Sinohydro Bureau 16,,2026-09-11,2026-09-11
wba_prj_01HREAL126,Dar es Salaam BRT Phase 1,,TZA,public_transport,commissioned,country,,,,Dar es Salaam BRT Phase 1 by Strabag International,,2026-09-11,2026-09-11
wba_prj_01HREAL127,Abuja-Kaduna Railway 186.5km,,NGA,railways,commissioned,country,,,,Abuja-Kaduna Railway 186.5km by CCECC,,2026-09-11,2026-09-11
wba_prj_01HREAL128,Nairobi-Nakuru-Mau Summit Highway,,KEN,roads,awarded,country,,,,Rironi-Mau Summit 175km by CRBC China plus NSSF preferred Oct 2025 after VINCI cancelled,,2026-09-11,2026-09-11
wba_prj_01HREAL129,Diamniadio Olympic Stadium 50000,,SEN,other,commissioned,country,,,,Diamniadio Olympic Stadium 50000 by Summa Insaat,,2026-09-11,2026-09-11
wba_prj_01HREAL130,Autoroute de l'Avenir 42.5km,,SEN,roads,commissioned,country,,,,Autoroute de l'Avenir 42.5km by Eiffage,,2026-09-11,2026-09-11
wba_prj_01HREAL131,Lusaka-Ndola Dual Carriageway 321km,,ZMB,roads,commissioned,country,,,,Lusaka-Ndola Dual Carriageway 321km by China Jiangxi,,2026-09-11,2026-09-11
wba_prj_01HREAL132,Kusile Power Station 4800MW,,ZAF,other,commissioned,country,,,,Kusile Power Station 4800MW by Mitsubishi Hitachi,,2026-09-11,2026-09-11
wba_prj_01HREAL133,Cairo Light Rail Transit 70km,,EGY,public_transport,commissioned,country,,,,Cairo Light Rail Transit 70km by CREC,,2026-09-11,2026-09-11
wba_prj_01HREAL134,Cairo Monorail 99km,,EGY,public_transport,commissioned,country,,,,Cairo Monorail 99km by Bombardier/Orascom,,2026-09-11,2026-09-11
wba_prj_01HREAL135,Al Boraq Tangier-Kenitra HSR 323km,,MAR,railways,commissioned,country,,,,Al Boraq Tangier-Kenitra HSR 323km by Alstom,,2026-09-11,2026-09-11
wba_prj_01HREAL136,Kano-Maradi Railway 384km,,NGA,railways,construction_started,country,,,,"Kano-Maradi 284km plus 94km branch by Mota-Engil Portugal, 1.82bn USD contract Jan 2021",,2026-09-11,2026-09-11
wba_prj_01HREAL137,Port of Cotonou Extension,,BEN,ports,commissioned,country,,,,Port of Cotonou Extension by Eiffage Genie Civil Marine,,2026-09-11,2026-09-11
wba_prj_01HREAL138,Tanzania SGR Phase 1 Dar-Morogoro 205km,,TZA,railways,commissioned,country,,,,Tanzania SGR Phase 1 Dar-Morogoro 205km by Yapi Merkezi,,2026-09-11,2026-09-11
wba_prj_01HREAL139,Nador West Med Port,,MAR,ports,commissioned,country,,,,Nador West Med Port by STFA/SGTM/Jan De Nul,,2026-09-11,2026-09-11
wba_prj_01HREAL140,Singrobo-Ahouaty 44MW,,CIV,hydropower,commissioned,country,,,,Singrobo-Ahouaty 44MW by Eiffage Genie Civil,,2026-09-11,2026-09-11
wba_prj_01HREAL141,Azura-Edo IPP 459MW,,NGA,other,commissioned,country,,,,Azura-Edo IPP 459MW by Siemens/Julius Berger,,2026-09-11,2026-09-11
wba_prj_01HREAL142,Berbera Port Expansion 400m,,SOM,ports,commissioned,country,,,,Berbera Port Expansion 400m by DP World,,2026-09-11,2026-09-11
wba_prj_01HREAL143,Itezhi-Tezhi 120MW,,ZMB,hydropower,commissioned,country,,,,Itezhi-Tezhi 120MW by Sinohydro,,2026-09-11,2026-09-11
wba_prj_01HREAL144,Ashegoda Wind Farm 120MW,,ETH,wind_power,commissioned,country,,,,Ashegoda Wind Farm 120MW by Vergnet,,2026-09-11,2026-09-11
wba_prj_01HREAL145,Safi Independent Power Plant 1386MW,,MAR,other,commissioned,country,,,,Safi Independent Power Plant 1386MW by Daewoo,,2026-09-11,2026-09-11
wba_prj_01HREAL146,Kpone IPP 350MW,,GHA,other,commissioned,country,,,,Kpone IPP 350MW by Group Five,,2026-09-11,2026-09-11
wba_prj_01HREAL147,Bujagali Hydropower 250MW,,UGA,hydropower,commissioned,country,,,,Bujagali Hydropower 250MW by WeBuild,,2026-09-11,2026-09-11
wba_prj_01HREAL148,Rabat-Sale Tramway 19.5km,,MAR,public_transport,commissioned,country,,,,Rabat-Sale Tramway 19.5km by Alstom,,2026-09-11,2026-09-11
wba_prj_01HREAL149,Karimenu II Dam Water Supply,,KEN,dams,commissioned,country,,,,Karimenu II Dam Water Supply by AVIC International,,2026-09-11,2026-09-11
wba_prj_01HREAL150,Taiba N'Diaye Wind Farm 158.7MW,,SEN,wind_power,commissioned,country,,,,Taiba N'Diaye Wind Farm 158.7MW by Vestas,,2026-09-11,2026-09-11
wba_prj_01HREAL151,Kampala-Malaba Standard Gauge Railway Eastern Route,Uganda SGR Malaba-Kampala,UGA,railways,signed,corridor,,,"LINESTRING(32.58 0.31, 34.00 0.64)","272 km Kampala-Malaba SGR by Yapi Merkezi Turkey, 2.7bn euro contract signed Oct 2024",,2026-09-14,2026-09-14
wba_prj_01HREAL152,Iganga-Bulopa-Kamuli Road 56km,Iganga Kamuli Road,UGA,roads,signed,corridor,,,"LINESTRING(33.48 0.61, 33.12 1.00)","56 km Iganga-Bulopa-Kamuli road by Arab Contractors Egypt, 70m USD contract Oct 2024",,2026-09-14,2026-09-14
wba_prj_01HREAL153,Lusalira-Kasambya-Nkonge-Sembabule Road 97km,Lusalira Sembabule Road,UGA,roads,signed,corridor,,,"LINESTRING(31.50 0.20, 31.30 0.10)","97 km Lusalira-Sembabule road by Tecnovia Portugal, 126m euro financing Nov 2024",,2026-09-14,2026-09-14
wba_prj_01HREAL154,Ndande-Gueoul Road 30km Dakar-Saint Louis,Ndande Gueoul Road,SEN,roads,signed,corridor,,,"LINESTRING(-16.20 15.00, -16.00 15.20)","30 km Ndande-Gueoul road by CRBC China, 132m USD contract May 2024",,2026-09-14,2026-09-14
wba_prj_01HREAL155,Mekhe-Ndande Road 19km Dakar-Saint Louis,Mekhe Ndande Road,SEN,roads,signed,corridor,,,"LINESTRING(-16.50 14.80, -16.20 15.00)","19 km Mekhe-Ndande road by CWE China, 76.3m USD contract Apr 2023",,2026-09-14,2026-09-14
wba_prj_01HREAL156,Galana Kulalu Dam Athi Dam Irrigation,Galana Dam,KEN,dams,signed,exact,-2.50,39.50,,"Galana Kulalu Athi dam by CCCC China, Sh40bn contract Jan 2026",,2026-09-14,2026-09-14
wba_prj_01HREAL157,Umaa Dam Kitui County,Umaa Dam,KEN,dams,construction_started,exact,-1.37,38.02,,"Umaa dam Kitui by China Jiangxi, 1.9bn KES contract Dec 2023",,2026-09-14,2026-09-14
wba_prj_01HREAL158,Bujumbura-Gitaza Road RN3 25km Burundi,Bujumbura Gitaza RN3,BDI,roads,awarded,corridor,,,"LINESTRING(29.36 -3.38, 29.42 -3.50)","25 km Bujumbura-Gitaza RN3 rehabilitation by CFHEC China, 47.2m USD World Bank, awarded Nov 2024",,2026-09-14,2026-09-14
wba_prj_01HREAL159,Uvinza-Musongati Standard Gauge Railway 282km,Uvinza Musongati SGR,BDI,railways,signed,corridor,,,"LINESTRING(30.39 -5.10, 29.39 -3.36)","282 km Uvinza-Musongati SGR by CREGC and CREDC China, Sh5.38tn, signed Jan 2025",,2026-09-14,2026-09-14
wba_prj_01HREAL160,Santiago Island Desalination Plants 15000m3,Santiago Desalination,CPV,water_supply,signed,exact,15.09,-23.50,,"Santiago desalination 15000m3/day by Toyota Tsusho Japan, 15.292bn yen JICA loan, signed Oct 2025",,2026-09-14,2026-09-14
wba_prj_01HREAL161,ENAPOR Inter-Island Vessel 17m Euro,ENAPOR Vessel,CPV,ports,signed,exact,14.91,-23.50,,"ENAPOR vessel by Shenzhen Churui and Taizhou Changlong China, 17m euro, signed Apr 2026",,2026-09-14,2026-09-14
wba_prj_01HREAL162,Cape Verde Airports Improvement 70.7m Euro,Cape Verde Airports,CPV,airports,signed,exact,16.72,-22.94,,"Cape Verde airports improvement by Teixeira Duarte Portugal 70.7m euro, signed Jul 2023",,2026-09-14,2026-09-14
wba_prj_01HREAL163,Habela-Cheatat Road 31km Eritrea,Habela Cheatat Road,ERI,roads,construction_started,exact,15.30,38.70,,"Habela-Cheatat 31 km road by China SFECO, first phase launched Nov 2019",,2026-09-14,2026-09-14
wba_prj_01HREAL164,Chad-Cameroon Oil Export System Doba-Kribi 1070km,Chad-Cameroon Pipeline,TCD,oil_gas,commissioned,corridor,,,Doba oil fields plus 1070km export pipeline to Kribi FSO by ExxonMobil Petronas Chevron consortium with Fluor construction 2000-2003,,2026-09-20,2026-09-20
wba_prj_01HREAL165,Polihali Dam LHWP Phase II 165m,Polihali Dam,LSO,dams|hydropower|water_supply,construction_started,district,,,Polihali concrete-face rockfill dam M7.68bn by SUN JV Sinohydro Bureau 8 and 14 plus Unik plus Nthane awarded Nov 2022 commissioning 2028,,2026-09-20,2026-09-20
wba_prj_01HREAL166,Gouina Hydroelectric Plant 140MW Senegal River,Gouina Hydro,MLI,hydropower,commissioned,district,,,Gouina Falls 140MW by Sinohydro Bureau 15 and 16 PowerChina completed Dec 2022 serving Mali Senegal Mauritania,,2026-09-20,2026-09-20
wba_prj_01HREAL167,Mount Coffee Hydropower Rehabilitation 88MW,Mount Coffee Hydro,LBR,hydropower,commissioned,district,,,Mount Coffee 1960s 64MW destroyed 1990 rehabilitated by Voith Andritz to 88MW first power Dec 2016 MCC 257m compact,,2026-09-20,2026-09-20
wba_prj_01HREAL168,Enfidha-Hammamet International Airport 7m Pax,Enfidha Airport,TUN,airports,commissioned,city,,,Greenfield 7m pax BOT 40yr airport by TAV Turkey EUR550m built Jul 2007 to Dec 2009 concession to May 2047,,2026-09-20,2026-09-20
wba_prj_01HREAL169,Lome Container Terminal 2.2m TEU Transshipment Hub,Lome Container Terminal,TGO,ports,financing_secured,city,,,Lome transshipment terminal 2.2m TEU 50-50 GTL and China Merchants EUR324m IFC EUR225m debt package Jan 2013,,2026-09-20,2026-09-20
wba_prj_01HREAL170,Kandadji Dam 130MW Niger River,Kandadji Dam,NER,dams|hydropower,suspended,district,,,Kandadji 130MW dam 180km NW Niamey by China Gezhouba 500bn CFA suspended Aug 2023 after coup sanctions,,2026-09-20,2026-09-20
wba_prj_01HREAL171,Merowe Dam 1250MW Nile River,Merowe Dam,SDN,dams|hydropower,commissioned,district,,,Merowe 1250MW Nile dam by SinoHydro with Lahmeyer design opened Mar 2009,,2026-09-20,2026-09-20
wba_prj_01HREAL172,Greater Tortue Ahmeyim GTA LNG Phase 1 2.3mtpa,GTA LNG,MRT,oil_gas,partially_completed,corridor,,,GTA Phase 1 offshore gas Mauritania and Senegal by bp operator 56 percent first gas Jan 2025 2.3mtpa,,2026-09-20,2026-09-20
wba_prj_01HREAL173,Maguga Dam Komati River Joint Project,Maguga Dam,SWZ,dams|hydropower|irrigation,commissioned,district,,,Maguga dam Komati River by WBHO R420m completed 2001 joint South Africa Eswatini,,2026-09-20,2026-09-20
wba_prj_01HREAL174,Port Victoria Rehabilitation and Extension Mahe Quay,Port Victoria,SYC,ports,construction_started,city,,,Port Victoria rehab and extension by SPA EIB EUR12.5m EU EUR5m AFD EUR16.5m Jan De Nul dredging award 2023,,2026-09-20,2026-09-20
wba_prj_01HREAL175,Freedom Bridge Juba White Nile 560m,Freedom Bridge Juba,SSD,bridges,commissioned,city,,,Freedom Bridge 560m first arched steel Nile bridge Juba by Dai Nippon Japan grant opened May 2022,,2026-09-20,2026-09-20
wba_prj_01HREAL176,Banjul Port Concession and Sanyang Deep Sea Port,Banjul Port Sanyang,GMB,ports,signed,city,,,Banjul port 30yr concession to Albayrak Turkey Jul 2024 rehab Banjul plus new Sanyang deep sea port,,2026-09-20,2026-09-20
wba_prj_01HREAL177,Djibloho Hydroelectric Plant 120MW Wele River,Djibloho Dam,GNQ,hydropower,commissioned,district,,,Djibloho 120MW Wele River plant by Sinohydro China support inaugurated Oct 2012,,2026-09-20,2026-09-20
wba_prj_01HREAL178,Neckartal Dam Fish River Keetmanshoop,Neckartal Dam,NAM,dams|hydropower|irrigation,commissioned,district,,,Neckartal 78.5m RCC Fish River by Salini Impregilo Italy N5.5bn completed Oct 2018 handed over Mar 2020 largest dam Namibia,,2026-09-20,2026-09-20
wba_prj_01HREAL179,Mogadishu Port Alport 20yr Operation Concession,Mogadishu Alport,SOM,ports,commissioned,city,,,Mogadishu port 20yr operate right to Albayrak Turkey under 2014 agreement handover Sep 2014,,2026-09-20,2026-09-20
wba_prj_01HREAL180,Imboulou Hydropower Plant 120MW Lefini River,Imboulou Dam,COG,hydropower|dams,commissioned,district,,,Imboulou 120MW Lefini by CMEC Sinohydro 280m USD provisional acceptance Nov 2010 grid backbone Congo,,2026-09-20,2026-09-20
wba_prj_01HREAL181,Doraleh Multipurpose Port 7m Tonnes Djibouti,Doraleh Multipurpose Port,DJI,ports,commissioned,city,,,Doraleh multipurpose CSCEC 421.7m USD 7.08m tonnes opened May 2017 largest Chinese port project northeast Africa,,2026-09-20,2026-09-20
wba_prj_01HREAL182,Zongo II Hydropower Plant 150MW Kongo-Central,Zongo II,COD,hydropower,commissioned,district,,,Zongo II 150MW Kongo-Central by Sinohydro 360m USD inaugurated Jun 2018 feeds Kinshasa,,2026-09-20,2026-09-20
wba_prj_01HREAL183,Tedzani IV Hydropower Plant 19MW Shire River,Tedzani IV,MWI,hydropower,commissioned,district,,,Tedzani IV 19MW Shire by EGENCO Japan USD52m commissioned May 2021 inaugurated Jun 2021,,2026-09-20,2026-09-20
wba_prj_01HREAL184,Samendeni Dam Mouhoun River Bobo-Dioulasso,Samendeni Dam,BFA,dams|hydropower|irrigation,commissioned,district,,,Samendeni Mouhoun dam by SGTM Morocco Fadoul 100bn CFA inaugurated Nov 2019 1bn m3 21000 ha,,2026-09-20,2026-09-20
wba_prj_01HREAL185,New Owendo International Port 150k TEU Libreville,Owendo Port,GAB,ports,commissioned,city,,,New Owendo port PPP State Olam AFC CFA181bn 420m dock 150k TEU operational Jun 2017 inaugurated Oct 2017,,2026-09-20,2026-09-20
wba_prj_01HREAL186,Hirgigo Power Plant Expansion 46MW Massawa,Hirgigo Power,ERI,other,commissioned,city,,,Hirgigo 46MW expansion Massawa by SFECO China 98.6m USD inaugurated Nov 2017 boosts supply 60 percent,,2026-09-20,2026-09-20
wba_prj_01HREAL187,Bumbuna Hydroelectric Plant 50MW Seli River,Bumbuna Hydro,SLE,hydropower,commissioned,district,,,Bumbuna 50MW Seli River by Salini Italy O and M contract 26.1m euro operating 2015 expected mid-2008,,2026-09-20,2026-09-20
wba_prj_01HREAL188,Ubari Gas Turbine Power Plant 640MW Fezzan,Ubari Power,LBY,other,suspended,city,,,Ubari 640MW gas turbines by ENKA Turkey Siemens equipment suspended 98 percent Dec 2017 unrest,,2026-09-20,2026-09-20
wba_prj_01HREAL189,El-Maarouf National Hospital 300-bed Moroni,El-Maarouf Hospital,COM,hospitals,construction_started,city,,,El-Maarouf 300-bed Moroni hospital by CSYIC China RMB430m OPEC 17m USD loan Feb 2024 reconstruction,,2026-09-20,2026-09-20
wba_prj_01HREAL190,Bagatelle Dam Port Louis Water Supply,Bagatelle Dam,MUS,dams|water_supply,commissioned,district,,,Bagatelle dam Port Louis water by CWE China launched Jun 2018 first Chinese-financed water project Mauritius,,2026-09-20,2026-09-20
wba_prj_01HREAL191,Felou Hydroelectric Plant 63MW Kayes Senegal River,Felou Hydro,MLI,hydropower,commissioned,district,,,Felou 63MW Kayes run-of-river by Sinohydro SOGEM OMVS commercial operation 2013,,2026-09-20,2026-09-20
wba_prj_01HREAL192,Nouakchott Container Terminal 250k TEU Port Amitie,Nouakchott Terminal,MRT,ports,commissioned,city,,,Nouakchott container terminal 250k TEU by Meridiam Arise 278m euro 30yr concession inaugurated Dec 2021,,2026-09-20,2026-09-20
wba_prj_01HREAL193,Port of Bissau Dredging and Rehabilitation 22.59bn CFA,Bissau Port Dredging,GNB,ports,construction_started,city,,,Bissau port dredging wreck removal by EBOMAF BOAD 22.59bn CFA 15bn BOAD launched Jan 2026,,2026-09-20,2026-09-20
wba_prj_01HREAL194,Sao Tome International Airport Runway 600m Extension,Sao Tome Airport,STP,airports,signed,city,,,Sao Tome runway 600m sea extension by IPPR China studies donation near 100m USD agreement Jun 2022 start in 6 months,,2026-09-20,2026-09-20
wba_prj_01HREAL195,Toamasina Port Extension Quay C4 470m,Toamasina Quay C4,MDG,ports,partially_completed,city,,,Toamasina quay C4 470m 16m draught 14000 TEU JICA 65 percent 639m USD 333m delivered Mar 2026,,2026-09-20,2026-09-20
wba_prj_01HREAL196,Cotonou Terminal 5 Bulk Terminal 20ha CHEC,Cotonou Terminal 5,BEN,ports,construction_started,city,,,Cotonou Terminal 5 bulk terminal 20ha by CHEC broke ground Jul 2021 two 100k tonne berths 70 percent Jun 2025,,2026-09-20,2026-09-20
wba_prj_01HREAL197,Punta Europa EG LNG Train 1 3.4mtpa Bioko Island,EG LNG Punta Europa,GNQ,oil_gas,commissioned,district,,,EG LNG Train 1 3.4mtpa at Punta Europa by Bechtel EPC 1.5bn FID Jun 2004 completed 2007 from Alba Field,,2026-09-20,2026-09-20
wba_prj_01HREAL198,ArcelorMittal Buchanan Rail Siding Extension Phase II,ArcelorMittal Rail,LBR,railways|ports,construction_started,corridor,,,ArcelorMittal rail siding extension Buchanan line by WBHO Phase II quadrupling ore to 20mtpa Jan to Dec 2025,,2026-09-20,2026-09-20
wba_prj_01HREAL199,Sfax-Gafsa-Gabes Phosphate Railway Renewal 190km,Phosphate Railway,TUN,railways,signed,corridor,,,Phosphate railway renewal 190km Sfax Gafsa Gabes by SNCFT Saudi Fund 55m USD loan Feb 2024,,2026-09-20,2026-09-20
wba_prj_01HREAL200,Blitta Sheikh Mohamed Bin Zayed Solar Plant 50MW,Blitta Solar,TGO,solar_power,commissioned,city,,,Blitta 50MW solar by AMEA Power Sheikh Mohamed Bin Zayed plant inaugurated Jun 2021 267km from Lome 92ha,,2026-09-20,2026-09-20
wba_prj_01HREAL201,Metolong Dam and Water Supply Programme 83m,Metolong Dam,LSO,dams|water_supply,commissioned,district,,,Metolong Dam 83m by Sinohydro M540m contract Aug 2011 supplies Maseru 75k m3 per day,,2026-09-20,2026-09-20
wba_prj_01HREAL202,Djermaya Refinery 20000bpd CNPC-SHT 60-40,Djermaya Refinery,TCD,oil_gas,commissioned,city,,,Djermaya refinery 20k bpd by CNPC 60 percent China construction inaugurated Jun 2011 near NDjamena,,2026-09-20,2026-09-20
wba_prj_01HREAL203,Agadez Solar-Diesel-Storage Hybrid 18.9MWp,Agadez Hybrid,NER,solar_power|other,signed,city,,,Agadez 18.9MWp solar diesel storage hybrid by Sterling and Wilson Vergnet for NIGELEC signed Oct 2020,,2026-09-20,2026-09-20
wba_prj_01HREAL204,Mpakeni Dam MNWAP 31 percent 2025,Mpakeni Dam,SWZ,dams|water_supply|irrigation,construction_started,district,,,Mpakeni Dam MNWAP by Sakhalive JV Sinohydro Yellow River 31 percent Aug 2025 EWADE,,2026-09-20,2026-09-20
wba_prj_01HREAL205,CLSG Interconnection Sierra Leone 530km 225kV,CLSG Sierra Leone,SLE,transmission,construction_started,corridor,,,CLSG 530km 225kV line Sierra Leone by TRANSCO CLSG Kalpataru EPC 100km ROW handed over,,2026-09-20,2026-09-20
wba_prj_01HREAL206,Bangui Municipal Road Restoration 10.3km CRCC,Bangui Roads,CAF,roads,commissioned,city,,,Bangui 10.3km municipal roads by CRCC complete overhaul dirt road to asphalt 2025,,2026-09-20,2026-09-20
wba_prj_01HREAL207,Roseires Dam Raising 10m Blue Nile 25.1km,Roseires Raising,SDN,dams|hydropower|irrigation,commissioned,district,,,Roseires Dam raising 10m to 78m 25.1km by POWERCHINA B5 B7 completed Jan 2013 longest dam world,,2026-09-20,2026-09-20
wba_prj_01HREAL208,Juba Thermal Power Station 33MW Ezra Group,Juba Thermal,SSD,other,commissioned,city,,,Juba 33MW diesel by Ezra Group Eritrea opened Nov 2019 serves 100k households first phase of 100MW,,2026-09-20,2026-09-20
wba_prj_01HREAL209,La Gogue Dam Raising 6m Mahe,La Gogue Dam,SYC,dams|water_supply,commissioned,district,,,La Gogue Dam raising 6m on Mahe by Synohydro China based Mauritius R184.6m awarded Aug 2017 93 percent Dec 2020,,2026-09-20,2026-09-20
wba_prj_01HREAL210,Glo-Djigbe International Airport 360bn CFA 4250m,Glo-Djigbe Airport,BEN,airports,proposed,district,,,Glo-Djigbe airport by AVIC China 360bn CFA 4250m runway 1.6m pax boucles 100 percent Jun 2021,,2026-09-20,2026-09-20
wba_prj_01HREAL211,Sapeke Bridge Bangui 36m China Shanxi 6bn CFA,Sapeke Bridge,CAF,bridges,commissioned,city,,,Sapeke Bridge Bangui by China Shanxi Group 36m 6bn CFA connect 2nd and 6th arrondissements inaugurated Mar 2018,,2026-09-20,2026-09-20
wba_prj_01HREAL212,Djibouti International Free Trade Zone 48km2 3.5bn,DIFTZ,DJI,special_economic_zones|ports,commissioned,city,,,DIFTZ 48km2 3.5bn by Dalian Port China jointly with DPFZA and China Merchants commissioned Jul 2018,,2026-09-20,2026-09-20
wba_prj_01HREAL213,Comoros Maritime Corridor Port Modernisation 135m AfDB,Comoros Maritime,COM,ports|special_economic_zones,signed,city,,,Comoros maritime corridor by AfDB 135m USD extension Moroni and Boingoma ports special economic zone Aug 2024,,2026-09-20,2026-09-20
wba_prj_01HREAL214,Cote dOr National Sports Complex 15000 seats Saint Pierre,Cote dOr Sports,MUS,other,commissioned,city,,,Cote dOr sports complex 15000 seats by CSCEC China completed Jul 2019 largest Mauritius,,2026-09-20,2026-09-20
wba_prj_01HREAL215,RN2 Toamasina-Tsarakofafa Road 9.86km AFECC,RN2 Toamasina,MDG,roads,construction_started,corridor,,,RN2 road 3.606km widening plus 6.26km construction by AFECC China 408m RMB loan Sep 2018 started Apr 2019,,2026-09-20,2026-09-20
wba_prj_01HREAL216,Osvaldo Vieira Airport Technical Block and Control Tower 4.7bn CFA,Osvaldo Vieira ATC,GNB,airports,construction_started,city,,,Osvaldo Vieira airport technical block and tower by China Railway 11th Bureau 4.7bn CFA ASECNA finance completed structure 2026,,2026-09-20,2026-09-20
wba_prj_01HREAL217,Ouidah Marina Waterfront Heritage Tourism Complex,La Marina Ouidah,BEN,tourism|urban_development,construction_started,city,,,Ouidah Marina waterfront by Yunnan Construction Investment Group funded Bank of China ICBC heritage tourism 2027,,2026-09-20,2026-09-20
wba_prj_01HREAL218,Bossarangba-Mbaiki Road Section 68km Lot2 Corridor,Bossarangba Road,CAF,roads,signed,corridor,,,Bossarangba to Mbaiki road 68km plus 3.19km urban by Stecol Sinohydro joint venture 66.2m USD AfDB Lot2 corridor,,2026-09-20,2026-09-20
wba_prj_01HREAL219,Jin Fei Smart City Eden Garden 211ha Riche Terre,Jin Fei City,MUS,urban_development|special_economic_zones,construction_started,city,,,Jin Fei Smart City 211ha by Shanxi Investments Group Eden Garden unveiled Oct 2018 first smart city Mauritius,,2026-09-20,2026-09-20
wba_prj_01HREAL220,Ile Aurore Dredging Phase1 Jan De Nul 2026,Ile Aurore,SYC,ports,construction_started,city,,,Ile Aurore dredging Phase1 by Jan De Nul signed Jan 2026 reclamation for housing,,2026-09-20,2026-09-20
