id,entity_type,entity_id,changed_by,changed_at,field,old_value,new_value,source_claim,reason
wba_chg_01,claim,wba_clm_01HREAL001,Alfred Shingai,2026-09-11,corroboration_status,uncorroborated,corroborated,wba_src_01HREAL124,Added second source ZPC to corroborate Hwange
wba_chg_02,claim,wba_clm_01HREAL87,Alfred Shingai,2026-09-11,corroboration_status,uncorroborated,corroborated,wba_src_01HREAL125,Added second corroborating source for 10-project batch
wba_chg_03,claim,wba_clm_01HREAL88,Alfred Shingai,2026-09-11,corroboration_status,uncorroborated,corroborated,wba_src_01HREAL126,Added second corroborating source for 10-project batch
wba_chg_04,claim,wba_clm_01HREAL89,Alfred Shingai,2026-09-11,corroboration_status,uncorroborated,corroborated,wba_src_01HREAL127,Added second corroborating source for 10-project batch
wba_chg_05,claim,wba_clm_01HREAL90,Alfred Shingai,2026-09-11,corroboration_status,uncorroborated,corroborated,wba_src_01HREAL128,Added second corroborating source for 10-project batch
wba_chg_06,claim,wba_clm_01HREAL91,Alfred Shingai,2026-09-11,corroboration_status,uncorroborated,corroborated,wba_src_01HREAL129,Added second corroborating source for 10-project batch
wba_chg_07,claim,wba_clm_01HREAL92,Alfred Shingai,2026-09-11,corroboration_status,uncorroborated,corroborated,wba_src_01HREAL130,Added second corroborating source for 10-project batch
wba_chg_08,claim,wba_clm_01HREAL93,Alfred Shingai,2026-09-11,corroboration_status,uncorroborated,corroborated,wba_src_01HREAL131,Added second corroborating source for 10-project batch
wba_chg_09,claim,wba_clm_01HREAL94,Alfred Shingai,2026-09-11,corroboration_status,uncorroborated,corroborated,wba_src_01HREAL132,Added second corroborating source for 10-project batch
wba_chg_010,claim,wba_clm_01HREAL95,Alfred Shingai,2026-09-11,corroboration_status,uncorroborated,corroborated,wba_src_01HREAL133,Added second corroborating source for 10-project batch
wba_chg_011,claim,wba_clm_01HREAL96,Alfred Shingai,2026-09-11,corroboration_status,uncorroborated,corroborated,wba_src_01HREAL134,Added second corroborating source for 10-project batch
wba_chg_012,claim,wba_prj_01HREAL012,Alfred Shingai,2026-09-11,corroboration_status,uncorroborated,corroborated,wba_src_01HREAL174,Added second source for exhaustive deepening batch
wba_chg_013,claim,wba_prj_01HREAL013,Alfred Shingai,2026-09-11,corroboration_status,uncorroborated,corroborated,wba_src_01HREAL175,Added second source for exhaustive deepening batch
wba_chg_014,claim,wba_prj_01HREAL015,Alfred Shingai,2026-09-11,corroboration_status,uncorroborated,corroborated,wba_src_01HREAL176,Added second source for exhaustive deepening batch
wba_chg_015,claim,wba_prj_01HREAL016,Alfred Shingai,2026-09-11,corroboration_status,uncorroborated,corroborated,wba_src_01HREAL177,Added second source for exhaustive deepening batch
wba_chg_016,claim,wba_prj_01HREAL017,Alfred Shingai,2026-09-11,corroboration_status,uncorroborated,corroborated,wba_src_01HREAL178,Added second source for exhaustive deepening batch
wba_chg_017,claim,wba_prj_01HREAL018,Alfred Shingai,2026-09-11,corroboration_status,uncorroborated,corroborated,wba_src_01HREAL179,Added second source for exhaustive deepening batch
wba_chg_018,claim,wba_prj_01HREAL020,Alfred Shingai,2026-09-11,corroboration_status,uncorroborated,corroborated,wba_src_01HREAL180,Added second source for exhaustive deepening batch
wba_chg_019,claim,wba_prj_01HREAL021,Alfred Shingai,2026-09-11,corroboration_status,uncorroborated,corroborated,wba_src_01HREAL181,Added second source for exhaustive deepening batch
wba_chg_020,claim,wba_prj_01HREAL022,Alfred Shingai,2026-09-11,corroboration_status,uncorroborated,corroborated,wba_src_01HREAL182,Added second source for exhaustive deepening batch
wba_chg_021,claim,wba_prj_01HREAL023,Alfred Shingai,2026-09-11,corroboration_status,uncorroborated,corroborated,wba_src_01HREAL183,Added second source for exhaustive deepening batch
wba_chg_022,claim,wba_prj_01HREAL024,Alfred Shingai,2026-09-11,corroboration_status,uncorroborated,corroborated,wba_src_01HREAL184,Added second source for exhaustive deepening batch
wba_chg_023,claim,wba_prj_01HREAL025,Alfred Shingai,2026-09-11,corroboration_status,uncorroborated,corroborated,wba_src_01HREAL185,Added second source for exhaustive deepening batch
wba_chg_024,claim,wba_prj_01HREAL026,Alfred Shingai,2026-09-11,corroboration_status,uncorroborated,corroborated,wba_src_01HREAL186,Added second source for exhaustive deepening batch
wba_chg_025,claim,wba_prj_01HREAL027,Alfred Shingai,2026-09-11,corroboration_status,uncorroborated,corroborated,wba_src_01HREAL187,Added second source for exhaustive deepening batch
wba_chg_026,claim,wba_prj_01HREAL028,Alfred Shingai,2026-09-11,corroboration_status,uncorroborated,corroborated,wba_src_01HREAL188,Added second source for exhaustive deepening batch
wba_chg_027,claim,wba_prj_01HREAL029,Alfred Shingai,2026-09-11,corroboration_status,uncorroborated,corroborated,wba_src_01HREAL189,Added second source for exhaustive deepening batch
wba_chg_028,claim,wba_prj_01HREAL030,Alfred Shingai,2026-09-11,corroboration_status,uncorroborated,corroborated,wba_src_01HREAL190,Added second source for exhaustive deepening batch
wba_chg_029,claim,wba_prj_01HREAL031,Alfred Shingai,2026-09-11,corroboration_status,uncorroborated,corroborated,wba_src_01HREAL191,Added second source for exhaustive deepening batch
wba_chg_030,claim,wba_prj_01HREAL032,Alfred Shingai,2026-09-11,corroboration_status,uncorroborated,corroborated,wba_src_01HREAL192,Added second source for exhaustive deepening batch
wba_chg_031,claim,wba_prj_01HREAL033,Alfred Shingai,2026-09-11,corroboration_status,uncorroborated,corroborated,wba_src_01HREAL193,Added second source for exhaustive deepening batch
wba_chg_032,claim,wba_prj_01HREAL034,Alfred Shingai,2026-09-11,corroboration_status,uncorroborated,corroborated,wba_src_01HREAL194,Added second source for exhaustive deepening batch
wba_chg_033,claim,wba_prj_01HREAL035,Alfred Shingai,2026-09-11,corroboration_status,uncorroborated,corroborated,wba_src_01HREAL195,Added second source for exhaustive deepening batch
wba_chg_034,claim,wba_prj_01HREAL036,Alfred Shingai,2026-09-11,corroboration_status,uncorroborated,corroborated,wba_src_01HREAL196,Added second source for exhaustive deepening batch
wba_chg_035,claim,wba_prj_01HREAL037,Alfred Shingai,2026-09-11,corroboration_status,uncorroborated,corroborated,wba_src_01HREAL197,Added second source for exhaustive deepening batch
wba_chg_036,claim,wba_prj_01HREAL038,Alfred Shingai,2026-09-11,corroboration_status,uncorroborated,corroborated,wba_src_01HREAL198,Added second source for exhaustive deepening batch
wba_chg_037,claim,wba_prj_01HREAL039,Alfred Shingai,2026-09-11,corroboration_status,uncorroborated,corroborated,wba_src_01HREAL199,Added second source for exhaustive deepening batch
wba_chg_038,claim,wba_prj_01HREAL040,Alfred Shingai,2026-09-11,corroboration_status,uncorroborated,corroborated,wba_src_01HREAL200,Added second source for exhaustive deepening batch
wba_chg_039,claim,wba_prj_01HREAL041,Alfred Shingai,2026-09-11,corroboration_status,uncorroborated,corroborated,wba_src_01HREAL201,Added second source for exhaustive deepening batch
wba_chg_040,claim,wba_prj_01HREAL042,Alfred Shingai,2026-09-11,corroboration_status,uncorroborated,corroborated,wba_src_01HREAL202,Added second source for exhaustive deepening batch
wba_chg_041,claim,wba_prj_01HREAL043,Alfred Shingai,2026-09-11,corroboration_status,uncorroborated,corroborated,wba_src_01HREAL203,Added second source for exhaustive deepening batch
wba_chg_042,claim,wba_prj_01HREAL044,Alfred Shingai,2026-09-11,corroboration_status,uncorroborated,corroborated,wba_src_01HREAL204,Added second source for exhaustive deepening batch
wba_chg_043,claim,wba_prj_01HREAL045,Alfred Shingai,2026-09-11,corroboration_status,uncorroborated,corroborated,wba_src_01HREAL205,Added second source for exhaustive deepening batch
wba_chg_044,claim,wba_prj_01HREAL046,Alfred Shingai,2026-09-11,corroboration_status,uncorroborated,corroborated,wba_src_01HREAL206,Added second source for exhaustive deepening batch
wba_chg_045,claim,wba_prj_01HREAL047,Alfred Shingai,2026-09-11,corroboration_status,uncorroborated,corroborated,wba_src_01HREAL207,Added second source for exhaustive deepening batch
wba_chg_046,claim,wba_prj_01HREAL048,Alfred Shingai,2026-09-11,corroboration_status,uncorroborated,corroborated,wba_src_01HREAL208,Added second source for exhaustive deepening batch
wba_chg_047,claim,wba_prj_01HREAL050,Alfred Shingai,2026-09-11,corroboration_status,uncorroborated,corroborated,wba_src_01HREAL209,Added second source for exhaustive deepening batch
wba_chg_048,claim,wba_prj_01HREAL051,Alfred Shingai,2026-09-11,corroboration_status,uncorroborated,corroborated,wba_src_01HREAL210,Added second source for exhaustive deepening batch
wba_chg_049,claim,wba_prj_01HREAL052,Alfred Shingai,2026-09-11,corroboration_status,uncorroborated,corroborated,wba_src_01HREAL211,Added second source for exhaustive deepening batch
wba_chg_050,claim,wba_prj_01HREAL053,Alfred Shingai,2026-09-11,corroboration_status,uncorroborated,corroborated,wba_src_01HREAL212,Added second source for exhaustive deepening batch
wba_chg_051,claim,wba_prj_01HREAL054,Alfred Shingai,2026-09-11,corroboration_status,uncorroborated,corroborated,wba_src_01HREAL213,Added second source for exhaustive deepening batch
wba_chg_052,claim,wba_prj_01HREAL055,Alfred Shingai,2026-09-11,corroboration_status,uncorroborated,corroborated,wba_src_01HREAL214,Added second source for exhaustive deepening batch
wba_chg_053,claim,wba_prj_01HREAL056,Alfred Shingai,2026-09-11,corroboration_status,uncorroborated,corroborated,wba_src_01HREAL215,Added second source for exhaustive deepening batch
wba_chg_054,claim,wba_prj_01HREAL057,Alfred Shingai,2026-09-11,corroboration_status,uncorroborated,corroborated,wba_src_01HREAL216,Added second source for exhaustive deepening batch
wba_chg_055,claim,wba_prj_01HREAL058,Alfred Shingai,2026-09-11,corroboration_status,uncorroborated,corroborated,wba_src_01HREAL217,Added second source for exhaustive deepening batch
wba_chg_056,claim,wba_prj_01HREAL059,Alfred Shingai,2026-09-11,corroboration_status,uncorroborated,corroborated,wba_src_01HREAL218,Added second source for exhaustive deepening batch
wba_chg_057,claim,wba_prj_01HREAL060,Alfred Shingai,2026-09-11,corroboration_status,uncorroborated,corroborated,wba_src_01HREAL219,Added second source for exhaustive deepening batch
wba_chg_058,claim,wba_prj_01HREAL061,Alfred Shingai,2026-09-11,corroboration_status,uncorroborated,corroborated,wba_src_01HREAL220,Added second source for exhaustive deepening batch
wba_chg_059,claim,wba_prj_01HREAL062,Alfred Shingai,2026-09-11,corroboration_status,uncorroborated,corroborated,wba_src_01HREAL221,Added second source for exhaustive deepening batch
wba_chg_060,claim,wba_prj_01HREAL063,Alfred Shingai,2026-09-11,corroboration_status,uncorroborated,corroborated,wba_src_01HREAL222,Added second source for exhaustive deepening batch
wba_chg_061,claim,wba_prj_01HREAL064,Alfred Shingai,2026-09-11,corroboration_status,uncorroborated,corroborated,wba_src_01HREAL223,Added second source for exhaustive deepening batch
wba_chg_062,claim,wba_prj_01HREAL065,Alfred Shingai,2026-09-11,corroboration_status,uncorroborated,corroborated,wba_src_01HREAL224,Added second source for exhaustive deepening batch
wba_chg_063,claim,wba_prj_01HREAL066,Alfred Shingai,2026-09-11,corroboration_status,uncorroborated,corroborated,wba_src_01HREAL225,Added second source for exhaustive deepening batch
wba_chg_064,claim,wba_prj_01HREAL067,Alfred Shingai,2026-09-11,corroboration_status,uncorroborated,corroborated,wba_src_01HREAL226,Added second source for exhaustive deepening batch
wba_chg_065,claim,wba_prj_01HREAL068,Alfred Shingai,2026-09-11,corroboration_status,uncorroborated,corroborated,wba_src_01HREAL227,Added second source for exhaustive deepening batch
wba_chg_066,claim,wba_prj_01HREAL069,Alfred Shingai,2026-09-11,corroboration_status,uncorroborated,corroborated,wba_src_01HREAL228,Added second source for exhaustive deepening batch
wba_chg_067,claim,wba_prj_01HREAL070,Alfred Shingai,2026-09-11,corroboration_status,uncorroborated,corroborated,wba_src_01HREAL229,Added second source for exhaustive deepening batch
wba_chg_068,claim,wba_prj_01HREAL071,Alfred Shingai,2026-09-11,corroboration_status,uncorroborated,corroborated,wba_src_01HREAL230,Added second source for exhaustive deepening batch
wba_chg_069,claim,wba_prj_01HREAL072,Alfred Shingai,2026-09-11,corroboration_status,uncorroborated,corroborated,wba_src_01HREAL231,Added second source for exhaustive deepening batch
wba_chg_070,claim,wba_prj_01HREAL073,Alfred Shingai,2026-09-11,corroboration_status,uncorroborated,corroborated,wba_src_01HREAL232,Added second source for exhaustive deepening batch
wba_chg_071,claim,wba_prj_01HREAL074,Alfred Shingai,2026-09-11,corroboration_status,uncorroborated,corroborated,wba_src_01HREAL233,Added second source for exhaustive deepening batch
wba_chg_072,claim,wba_prj_01HREAL075,Alfred Shingai,2026-09-11,corroboration_status,uncorroborated,corroborated,wba_src_01HREAL234,Added second source for exhaustive deepening batch
wba_chg_073,claim,wba_prj_01HREAL076,Alfred Shingai,2026-09-11,corroboration_status,uncorroborated,corroborated,wba_src_01HREAL235,Added second source for exhaustive deepening batch
wba_chg_074,claim,wba_prj_01HREAL077,Alfred Shingai,2026-09-11,corroboration_status,uncorroborated,corroborated,wba_src_01HREAL236,Added second source for exhaustive deepening batch
wba_chg_075,claim,wba_prj_01HREAL078,Alfred Shingai,2026-09-11,corroboration_status,uncorroborated,corroborated,wba_src_01HREAL237,Added second source for exhaustive deepening batch
wba_chg_076,claim,wba_prj_01HREAL079,Alfred Shingai,2026-09-11,corroboration_status,uncorroborated,corroborated,wba_src_01HREAL238,Added second source for exhaustive deepening batch
wba_chg_077,claim,wba_prj_01HREAL080,Alfred Shingai,2026-09-11,corroboration_status,uncorroborated,corroborated,wba_src_01HREAL239,Added second source for exhaustive deepening batch
wba_chg_078,claim,wba_prj_01HREAL081,Alfred Shingai,2026-09-11,corroboration_status,uncorroborated,corroborated,wba_src_01HREAL240,Added second source for exhaustive deepening batch
wba_chg_079,claim,wba_prj_01HREAL082,Alfred Shingai,2026-09-11,corroboration_status,uncorroborated,corroborated,wba_src_01HREAL241,Added second source for exhaustive deepening batch
wba_chg_080,claim,wba_prj_01HREAL083,Alfred Shingai,2026-09-11,corroboration_status,uncorroborated,corroborated,wba_src_01HREAL242,Added second source for exhaustive deepening batch
wba_chg_081,claim,wba_prj_01HREAL084,Alfred Shingai,2026-09-11,corroboration_status,uncorroborated,corroborated,wba_src_01HREAL243,Added second source for exhaustive deepening batch
wba_chg_082,claim,wba_prj_01HREAL085,Alfred Shingai,2026-09-11,corroboration_status,uncorroborated,corroborated,wba_src_01HREAL244,Added second source for exhaustive deepening batch
wba_chg_083,claim,wba_prj_01HREAL086,Alfred Shingai,2026-09-11,corroboration_status,uncorroborated,corroborated,wba_src_01HREAL245,Added second source for exhaustive deepening batch
wba_chg_084,claim,wba_prj_01HREAL087,Alfred Shingai,2026-09-11,corroboration_status,uncorroborated,corroborated,wba_src_01HREAL246,Added second source for exhaustive deepening batch
wba_chg_085,claim,wba_prj_01HREAL088,Alfred Shingai,2026-09-11,corroboration_status,uncorroborated,corroborated,wba_src_01HREAL247,Added second source for exhaustive deepening batch
wba_chg_086,claim,wba_prj_01HREAL089,Alfred Shingai,2026-09-11,corroboration_status,uncorroborated,corroborated,wba_src_01HREAL248,Added second source for exhaustive deepening batch
wba_chg_087,claim,wba_prj_01HREAL090,Alfred Shingai,2026-09-11,corroboration_status,uncorroborated,corroborated,wba_src_01HREAL249,Added second source for exhaustive deepening batch
wba_chg_088,claim,wba_prj_01HREAL091,Alfred Shingai,2026-09-11,corroboration_status,uncorroborated,corroborated,wba_src_01HREAL250,Added second source for exhaustive deepening batch
wba_chg_089,claim,wba_prj_01HREAL092,Alfred Shingai,2026-09-11,corroboration_status,uncorroborated,corroborated,wba_src_01HREAL251,Added second source for exhaustive deepening batch
wba_chg_090,claim,wba_prj_01HREAL093,Alfred Shingai,2026-09-11,corroboration_status,uncorroborated,corroborated,wba_src_01HREAL252,Added second source for exhaustive deepening batch
wba_chg_091,claim,wba_prj_01HREAL094,Alfred Shingai,2026-09-11,corroboration_status,uncorroborated,corroborated,wba_src_01HREAL253,Added second source for exhaustive deepening batch
wba_chg_092,claim,wba_prj_01HREAL095,Alfred Shingai,2026-09-11,corroboration_status,uncorroborated,corroborated,wba_src_01HREAL254,Added second source for exhaustive deepening batch
wba_chg_093,claim,wba_prj_01HREAL096,Alfred Shingai,2026-09-11,corroboration_status,uncorroborated,corroborated,wba_src_01HREAL255,Added second source for exhaustive deepening batch
wba_chg_094,claim,wba_prj_01HREAL097,Alfred Shingai,2026-09-11,corroboration_status,uncorroborated,corroborated,wba_src_01HREAL256,Added second source for exhaustive deepening batch
wba_chg_095,claim,wba_prj_01HREAL098,Alfred Shingai,2026-09-11,corroboration_status,uncorroborated,corroborated,wba_src_01HREAL257,Added second source for exhaustive deepening batch
wba_chg_096,claim,wba_prj_01HREAL099,Alfred Shingai,2026-09-11,corroboration_status,uncorroborated,corroborated,wba_src_01HREAL258,Added second source for exhaustive deepening batch
wba_chg_097,claim,wba_prj_01HREAL100,Alfred Shingai,2026-09-11,corroboration_status,uncorroborated,corroborated,wba_src_01HREAL259,Added second source for exhaustive deepening batch
wba_chg_098,claim,wba_prj_01HREAL101,Alfred Shingai,2026-09-11,corroboration_status,uncorroborated,corroborated,wba_src_01HREAL260,Added second source for exhaustive deepening batch
wba_chg_099,claim,wba_prj_01HREAL102,Alfred Shingai,2026-09-11,corroboration_status,uncorroborated,corroborated,wba_src_01HREAL261,Added second source for exhaustive deepening batch
wba_chg_100,claim,wba_prj_01HREAL103,Alfred Shingai,2026-09-11,corroboration_status,uncorroborated,corroborated,wba_src_01HREAL262,Added second source for exhaustive deepening batch
wba_chg_101,claim,wba_prj_01HREAL104,Alfred Shingai,2026-09-11,corroboration_status,uncorroborated,corroborated,wba_src_01HREAL263,Added second source for exhaustive deepening batch
wba_chg_102,claim,wba_prj_01HREAL105,Alfred Shingai,2026-09-11,corroboration_status,uncorroborated,corroborated,wba_src_01HREAL264,Added second source for exhaustive deepening batch
wba_chg_103,claim,wba_prj_01HREAL106,Alfred Shingai,2026-09-11,corroboration_status,uncorroborated,corroborated,wba_src_01HREAL265,Added second source for exhaustive deepening batch
wba_chg_104,claim,wba_prj_01HREAL107,Alfred Shingai,2026-09-11,corroboration_status,uncorroborated,corroborated,wba_src_01HREAL266,Added second source for exhaustive deepening batch
wba_chg_105,claim,wba_prj_01HREAL108,Alfred Shingai,2026-09-11,corroboration_status,uncorroborated,corroborated,wba_src_01HREAL267,Added second source for exhaustive deepening batch
wba_chg_106,claim,wba_prj_01HREAL109,Alfred Shingai,2026-09-11,corroboration_status,uncorroborated,corroborated,wba_src_01HREAL268,Added second source for exhaustive deepening batch
wba_chg_107,claim,wba_prj_01HREAL110,Alfred Shingai,2026-09-11,corroboration_status,uncorroborated,corroborated,wba_src_01HREAL269,Added second source for exhaustive deepening batch
wba_chg_108,claim,wba_prj_01HREAL111,Alfred Shingai,2026-09-11,corroboration_status,uncorroborated,corroborated,wba_src_01HREAL270,Added second source for exhaustive deepening batch
wba_chg_109,claim,wba_prj_01HREAL112,Alfred Shingai,2026-09-11,corroboration_status,uncorroborated,corroborated,wba_src_01HREAL271,Added second source for exhaustive deepening batch
wba_chg_110,claim,wba_prj_01HREAL113,Alfred Shingai,2026-09-11,corroboration_status,uncorroborated,corroborated,wba_src_01HREAL272,Added second source for exhaustive deepening batch
wba_chg_111,claim,wba_prj_01HREAL114,Alfred Shingai,2026-09-11,corroboration_status,uncorroborated,corroborated,wba_src_01HREAL273,Added second source for exhaustive deepening batch
wba_chg_112,claim,wba_prj_01HREAL115,Alfred Shingai,2026-09-11,corroboration_status,uncorroborated,corroborated,wba_src_01HREAL274,Added second source for exhaustive deepening batch
wba_chg_113,claim,wba_prj_01HREAL116,Alfred Shingai,2026-09-11,corroboration_status,uncorroborated,corroborated,wba_src_01HREAL275,Added second source for exhaustive deepening batch
wba_chg_114,claim,wba_prj_01HREAL117,Alfred Shingai,2026-09-11,corroboration_status,uncorroborated,corroborated,wba_src_01HREAL276,Added second source for exhaustive deepening batch
wba_chg_115,claim,wba_prj_01HREAL118,Alfred Shingai,2026-09-11,corroboration_status,uncorroborated,corroborated,wba_src_01HREAL277,Added second source for exhaustive deepening batch
wba_chg_116,claim,wba_prj_01HREAL119,Alfred Shingai,2026-09-11,corroboration_status,uncorroborated,corroborated,wba_src_01HREAL278,Added second source for exhaustive deepening batch
wba_chg_117,claim,wba_prj_01HREAL120,Alfred Shingai,2026-09-11,corroboration_status,uncorroborated,corroborated,wba_src_01HREAL279,Added second source for exhaustive deepening batch
wba_chg_118,claim,wba_prj_01HREAL121,Alfred Shingai,2026-09-11,corroboration_status,uncorroborated,corroborated,wba_src_01HREAL280,Added second source for exhaustive deepening batch
wba_chg_119,claim,wba_prj_01HREAL122,Alfred Shingai,2026-09-11,corroboration_status,uncorroborated,corroborated,wba_src_01HREAL281,Added second source for exhaustive deepening batch
wba_chg_120,claim,wba_prj_01HREAL123,Alfred Shingai,2026-09-11,corroboration_status,uncorroborated,corroborated,wba_src_01HREAL282,Added second source for exhaustive deepening batch
wba_chg_121,claim,wba_prj_01HREAL124,Alfred Shingai,2026-09-11,corroboration_status,uncorroborated,corroborated,wba_src_01HREAL283,Added second source for exhaustive deepening batch
wba_chg_122,claim,wba_prj_01HREAL125,Alfred Shingai,2026-09-11,corroboration_status,uncorroborated,corroborated,wba_src_01HREAL284,Added second source for exhaustive deepening batch
wba_chg_123,claim,wba_prj_01HREAL126,Alfred Shingai,2026-09-11,corroboration_status,uncorroborated,corroborated,wba_src_01HREAL285,Added second source for exhaustive deepening batch
wba_chg_124,claim,wba_prj_01HREAL127,Alfred Shingai,2026-09-11,corroboration_status,uncorroborated,corroborated,wba_src_01HREAL286,Added second source for exhaustive deepening batch
wba_chg_125,claim,wba_prj_01HREAL128,Alfred Shingai,2026-09-11,corroboration_status,uncorroborated,corroborated,wba_src_01HREAL287,Added second source for exhaustive deepening batch
wba_chg_126,claim,wba_prj_01HREAL129,Alfred Shingai,2026-09-11,corroboration_status,uncorroborated,corroborated,wba_src_01HREAL288,Added second source for exhaustive deepening batch
wba_chg_127,claim,wba_prj_01HREAL130,Alfred Shingai,2026-09-11,corroboration_status,uncorroborated,corroborated,wba_src_01HREAL289,Added second source for exhaustive deepening batch
wba_chg_128,claim,wba_prj_01HREAL131,Alfred Shingai,2026-09-11,corroboration_status,uncorroborated,corroborated,wba_src_01HREAL290,Added second source for exhaustive deepening batch
wba_chg_129,claim,wba_prj_01HREAL132,Alfred Shingai,2026-09-11,corroboration_status,uncorroborated,corroborated,wba_src_01HREAL291,Added second source for exhaustive deepening batch
wba_chg_130,claim,wba_prj_01HREAL133,Alfred Shingai,2026-09-11,corroboration_status,uncorroborated,corroborated,wba_src_01HREAL292,Added second source for exhaustive deepening batch
wba_chg_131,claim,wba_prj_01HREAL134,Alfred Shingai,2026-09-11,corroboration_status,uncorroborated,corroborated,wba_src_01HREAL293,Added second source for exhaustive deepening batch
wba_chg_132,claim,wba_prj_01HREAL135,Alfred Shingai,2026-09-11,corroboration_status,uncorroborated,corroborated,wba_src_01HREAL294,Added second source for exhaustive deepening batch
wba_chg_133,claim,wba_prj_01HREAL136,Alfred Shingai,2026-09-11,corroboration_status,uncorroborated,corroborated,wba_src_01HREAL295,Added second source for exhaustive deepening batch
wba_chg_134,claim,wba_prj_01HREAL137,Alfred Shingai,2026-09-11,corroboration_status,uncorroborated,corroborated,wba_src_01HREAL296,Added second source for exhaustive deepening batch
wba_chg_135,claim,wba_prj_01HREAL138,Alfred Shingai,2026-09-11,corroboration_status,uncorroborated,corroborated,wba_src_01HREAL297,Added second source for exhaustive deepening batch
wba_chg_136,claim,wba_prj_01HREAL139,Alfred Shingai,2026-09-11,corroboration_status,uncorroborated,corroborated,wba_src_01HREAL298,Added second source for exhaustive deepening batch
wba_chg_137,claim,wba_prj_01HREAL140,Alfred Shingai,2026-09-11,corroboration_status,uncorroborated,corroborated,wba_src_01HREAL299,Added second source for exhaustive deepening batch
wba_chg_138,claim,wba_prj_01HREAL141,Alfred Shingai,2026-09-11,corroboration_status,uncorroborated,corroborated,wba_src_01HREAL300,Added second source for exhaustive deepening batch
wba_chg_139,claim,wba_prj_01HREAL142,Alfred Shingai,2026-09-11,corroboration_status,uncorroborated,corroborated,wba_src_01HREAL301,Added second source for exhaustive deepening batch
wba_chg_140,claim,wba_prj_01HREAL143,Alfred Shingai,2026-09-11,corroboration_status,uncorroborated,corroborated,wba_src_01HREAL302,Added second source for exhaustive deepening batch
wba_chg_141,claim,wba_prj_01HREAL144,Alfred Shingai,2026-09-11,corroboration_status,uncorroborated,corroborated,wba_src_01HREAL303,Added second source for exhaustive deepening batch
wba_chg_142,claim,wba_prj_01HREAL145,Alfred Shingai,2026-09-11,corroboration_status,uncorroborated,corroborated,wba_src_01HREAL304,Added second source for exhaustive deepening batch
wba_chg_143,claim,wba_prj_01HREAL146,Alfred Shingai,2026-09-11,corroboration_status,uncorroborated,corroborated,wba_src_01HREAL305,Added second source for exhaustive deepening batch
wba_chg_144,claim,wba_prj_01HREAL147,Alfred Shingai,2026-09-11,corroboration_status,uncorroborated,corroborated,wba_src_01HREAL306,Added second source for exhaustive deepening batch
wba_chg_145,claim,wba_prj_01HREAL148,Alfred Shingai,2026-09-11,corroboration_status,uncorroborated,corroborated,wba_src_01HREAL307,Added second source for exhaustive deepening batch
wba_chg_146,claim,wba_prj_01HREAL149,Alfred Shingai,2026-09-11,corroboration_status,uncorroborated,corroborated,wba_src_01HREAL308,Added second source for exhaustive deepening batch
wba_chg_147,claim,wba_prj_01HREAL150,Alfred Shingai,2026-09-11,corroboration_status,uncorroborated,corroborated,wba_src_01HREAL309,Added second source for exhaustive deepening batch
wba_ch_01HREAL149,projects,wba_prj_01HREAL201,alfredshingai,2026-09-14,id,,wba_prj_01HREAL201,wba_clm_01HREAL321,add 10 Batch 1 exhaustive
wba_ch_01HREAL150,projects,wba_prj_01HREAL202,alfredshingai,2026-09-14,id,,wba_prj_01HREAL202,wba_clm_01HREAL323,add 10 Batch 1 exhaustive
wba_ch_01HREAL151,projects,wba_prj_01HREAL203,alfredshingai,2026-09-14,id,,wba_prj_01HREAL203,wba_clm_01HREAL325,add 10 Batch 1 exhaustive
wba_ch_01HREAL152,projects,wba_prj_01HREAL204,alfredshingai,2026-09-14,id,,wba_prj_01HREAL204,wba_clm_01HREAL326,add 10 Batch 1 exhaustive
wba_ch_01HREAL153,projects,wba_prj_01HREAL205,alfredshingai,2026-09-14,id,,wba_prj_01HREAL205,wba_clm_01HREAL327,add 10 Batch 1 exhaustive
wba_ch_01HREAL154,projects,wba_prj_01HREAL206,alfredshingai,2026-09-14,id,,wba_prj_01HREAL206,wba_clm_01HREAL328,add 10 Batch 1 exhaustive
wba_ch_01HREAL155,projects,wba_prj_01HREAL207,alfredshingai,2026-09-14,id,,wba_prj_01HREAL207,wba_clm_01HREAL329,add 10 Batch 1 exhaustive
wba_ch_01HREAL156,projects,wba_prj_01HREAL208,alfredshingai,2026-09-14,id,,wba_prj_01HREAL208,wba_clm_01HREAL330,add 10 Batch 1 exhaustive
wba_ch_01HREAL157,projects,wba_prj_01HREAL209,alfredshingai,2026-09-14,id,,wba_prj_01HREAL209,wba_clm_01HREAL331,add 10 Batch 1 exhaustive
wba_ch_01HREAL158,projects,wba_prj_01HREAL210,alfredshingai,2026-09-14,id,,wba_prj_01HREAL210,wba_clm_01HREAL332,add 10 Batch 1 exhaustive
wba_ch_01HREAL159,projects,wba_prj_01HREAL211,alfredshingai,2026-09-14,id,,wba_prj_01HREAL211,wba_clm_01HREAL333,add 20 Batch 2 exhaustive
wba_ch_01HREAL160,projects,wba_prj_01HREAL212,alfredshingai,2026-09-14,id,,wba_prj_01HREAL212,wba_clm_01HREAL334,add 20 Batch 2 exhaustive
wba_ch_01HREAL161,projects,wba_prj_01HREAL213,alfredshingai,2026-09-14,id,,wba_prj_01HREAL213,wba_clm_01HREAL335,add 20 Batch 2 exhaustive
wba_ch_01HREAL162,projects,wba_prj_01HREAL214,alfredshingai,2026-09-14,id,,wba_prj_01HREAL214,wba_clm_01HREAL336,add 20 Batch 2 exhaustive
wba_ch_01HREAL163,projects,wba_prj_01HREAL215,alfredshingai,2026-09-14,id,,wba_prj_01HREAL215,wba_clm_01HREAL337,add 20 Batch 2 exhaustive
wba_ch_01HREAL164,projects,wba_prj_01HREAL216,alfredshingai,2026-09-14,id,,wba_prj_01HREAL216,wba_clm_01HREAL338,add 20 Batch 2 exhaustive
wba_ch_01HREAL165,projects,wba_prj_01HREAL217,alfredshingai,2026-09-14,id,,wba_prj_01HREAL217,wba_clm_01HREAL339,add 20 Batch 2 exhaustive
wba_ch_01HREAL166,projects,wba_prj_01HREAL218,alfredshingai,2026-09-14,id,,wba_prj_01HREAL218,wba_clm_01HREAL340,add 20 Batch 2 exhaustive
wba_ch_01HREAL167,projects,wba_prj_01HREAL219,alfredshingai,2026-09-14,id,,wba_prj_01HREAL219,wba_clm_01HREAL341,add 20 Batch 2 exhaustive
wba_ch_01HREAL168,projects,wba_prj_01HREAL220,alfredshingai,2026-09-14,id,,wba_prj_01HREAL220,wba_clm_01HREAL342,add 20 Batch 2 exhaustive
wba_ch_01HREAL169,projects,wba_prj_01HREAL221,alfredshingai,2026-09-14,id,,wba_prj_01HREAL221,wba_clm_01HREAL343,add 20 Batch 2 exhaustive
wba_ch_01HREAL170,projects,wba_prj_01HREAL222,alfredshingai,2026-09-14,id,,wba_prj_01HREAL222,wba_clm_01HREAL344,add 20 Batch 2 exhaustive
wba_ch_01HREAL171,projects,wba_prj_01HREAL223,alfredshingai,2026-09-14,id,,wba_prj_01HREAL223,wba_clm_01HREAL345,add 20 Batch 2 exhaustive
wba_ch_01HREAL172,projects,wba_prj_01HREAL224,alfredshingai,2026-09-14,id,,wba_prj_01HREAL224,wba_clm_01HREAL346,add 20 Batch 2 exhaustive
wba_ch_01HREAL173,projects,wba_prj_01HREAL225,alfredshingai,2026-09-14,id,,wba_prj_01HREAL225,wba_clm_01HREAL347,add 20 Batch 2 exhaustive
wba_ch_01HREAL174,projects,wba_prj_01HREAL226,alfredshingai,2026-09-14,id,,wba_prj_01HREAL226,wba_clm_01HREAL348,add 20 Batch 2 exhaustive
wba_ch_01HREAL175,projects,wba_prj_01HREAL227,alfredshingai,2026-09-14,id,,wba_prj_01HREAL227,wba_clm_01HREAL349,add 20 Batch 2 exhaustive
wba_ch_01HREAL176,projects,wba_prj_01HREAL228,alfredshingai,2026-09-14,id,,wba_prj_01HREAL228,wba_clm_01HREAL350,add 20 Batch 2 exhaustive
wba_ch_01HREAL177,projects,wba_prj_01HREAL229,alfredshingai,2026-09-14,id,,wba_prj_01HREAL229,wba_clm_01HREAL351,add 20 Batch 2 exhaustive
wba_ch_01HREAL178,projects,wba_prj_01HREAL230,alfredshingai,2026-09-14,id,,wba_prj_01HREAL230,wba_clm_01HREAL352,add 20 Batch 2 exhaustive
wba_ch_01HREAL179,projects,wba_prj_01HREAL231,alfredshingai,2026-09-14,id,,wba_prj_01HREAL231,wba_clm_01HREAL353,add 20 Batch 3 exhaustive
wba_ch_01HREAL180,projects,wba_prj_01HREAL232,alfredshingai,2026-09-14,id,,wba_prj_01HREAL232,wba_clm_01HREAL354,add 20 Batch 3 exhaustive
wba_ch_01HREAL181,projects,wba_prj_01HREAL233,alfredshingai,2026-09-14,id,,wba_prj_01HREAL233,wba_clm_01HREAL355,add 20 Batch 3 exhaustive
wba_ch_01HREAL182,projects,wba_prj_01HREAL234,alfredshingai,2026-09-14,id,,wba_prj_01HREAL234,wba_clm_01HREAL356,add 20 Batch 3 exhaustive
wba_ch_01HREAL183,projects,wba_prj_01HREAL235,alfredshingai,2026-09-14,id,,wba_prj_01HREAL235,wba_clm_01HREAL357,add 20 Batch 3 exhaustive
wba_ch_01HREAL184,projects,wba_prj_01HREAL236,alfredshingai,2026-09-14,id,,wba_prj_01HREAL236,wba_clm_01HREAL358,add 20 Batch 3 exhaustive
wba_ch_01HREAL185,projects,wba_prj_01HREAL237,alfredshingai,2026-09-14,id,,wba_prj_01HREAL237,wba_clm_01HREAL359,add 20 Batch 3 exhaustive
wba_ch_01HREAL186,projects,wba_prj_01HREAL238,alfredshingai,2026-09-14,id,,wba_prj_01HREAL238,wba_clm_01HREAL360,add 20 Batch 3 exhaustive
wba_ch_01HREAL187,projects,wba_prj_01HREAL239,alfredshingai,2026-09-14,id,,wba_prj_01HREAL239,wba_clm_01HREAL361,add 20 Batch 3 exhaustive
wba_ch_01HREAL188,projects,wba_prj_01HREAL240,alfredshingai,2026-09-14,id,,wba_prj_01HREAL240,wba_clm_01HREAL362,add 20 Batch 3 exhaustive
wba_ch_01HREAL189,projects,wba_prj_01HREAL241,alfredshingai,2026-09-14,id,,wba_prj_01HREAL241,wba_clm_01HREAL363,add 20 Batch 3 exhaustive
wba_ch_01HREAL190,projects,wba_prj_01HREAL242,alfredshingai,2026-09-14,id,,wba_prj_01HREAL242,wba_clm_01HREAL364,add 20 Batch 3 exhaustive
wba_ch_01HREAL191,projects,wba_prj_01HREAL243,alfredshingai,2026-09-14,id,,wba_prj_01HREAL243,wba_clm_01HREAL365,add 20 Batch 3 exhaustive
wba_ch_01HREAL192,projects,wba_prj_01HREAL244,alfredshingai,2026-09-14,id,,wba_prj_01HREAL244,wba_clm_01HREAL366,add 20 Batch 3 exhaustive
wba_ch_01HREAL193,projects,wba_prj_01HREAL245,alfredshingai,2026-09-14,id,,wba_prj_01HREAL245,wba_clm_01HREAL367,add 20 Batch 3 exhaustive
wba_ch_01HREAL194,projects,wba_prj_01HREAL246,alfredshingai,2026-09-14,id,,wba_prj_01HREAL246,wba_clm_01HREAL368,add 20 Batch 3 exhaustive
wba_ch_01HREAL195,projects,wba_prj_01HREAL247,alfredshingai,2026-09-14,id,,wba_prj_01HREAL247,wba_clm_01HREAL369,add 20 Batch 3 exhaustive
wba_ch_01HREAL196,projects,wba_prj_01HREAL248,alfredshingai,2026-09-14,id,,wba_prj_01HREAL248,wba_clm_01HREAL370,add 20 Batch 3 exhaustive
wba_ch_01HREAL197,projects,wba_prj_01HREAL249,alfredshingai,2026-09-14,id,,wba_prj_01HREAL249,wba_clm_01HREAL371,add 20 Batch 3 exhaustive
wba_ch_01HREAL198,projects,wba_prj_01HREAL250,alfredshingai,2026-09-14,id,,wba_prj_01HREAL250,wba_clm_01HREAL372,add 20 Batch 3 exhaustive
