org_id,country_iso3,relation,source_claim
wba_org_01HREAL001,CHN,headquarters,wba_clm_01HREAL001
wba_org_01HREAL002,CHN,headquarters,wba_clm_01HREAL001
wba_org_01HREAL003,CHN,financing,wba_clm_01HREAL003
wba_org_01HREAL005,CHN,headquarters,wba_clm_01HREAL005
wba_org_01HREAL007,CHN,headquarters,wba_clm_01HREAL007
wba_org_01HREAL008,CHN,headquarters,wba_clm_01HREAL007
wba_org_01HREAL012,DNK,headquarters,wba_clm_01HREAL010
wba_org_01HREAL014,CHN,headquarters,wba_clm_01HREAL011
wba_org_01HREAL019,CHN,headquarters,wba_clm_01HREAL012
wba_org_01HREAL020,ITA,headquarters,wba_clm_01HREAL013
wba_org_01HREAL022,CHN,headquarters,wba_clm_01HREAL015
wba_org_01HREAL023,CHN,headquarters,wba_clm_01HREAL015
wba_org_01HREAL025,KOR,headquarters,wba_clm_01HREAL020
wba_org_01HREAL027,KOR,financing,wba_clm_01HREAL017
wba_org_01HREAL033,ZAF,headquarters,wba_clm_01HREAL023
wba_org_01HREAL035,CHN,headquarters,wba_clm_01HREAL024
wba_org_01HREAL037,CHN,headquarters,wba_clm_01HREAL025
wba_org_01HREAL039,JPN,headquarters,wba_clm_01HREAL026
wba_org_01HREAL042,CHN,headquarters,wba_clm_01HREAL028
wba_org_01HREAL045,ZMB,headquarters,wba_clm_01HREAL030
wba_org_01HREAL047,EGY,headquarters,wba_clm_01HREAL031
wba_org_01HREAL048,EGY,headquarters,wba_clm_01HREAL031
wba_org_01HREAL050,PRT,headquarters,wba_clm_01HREAL033
wba_org_01HREAL052,FRA,headquarters,wba_clm_01HREAL034
wba_org_01HREAL054,TUR,headquarters,wba_clm_01HREAL034
wba_org_01HREAL057,BRA,headquarters,wba_clm_01HREAL036
wba_org_01HREAL058,AUT,headquarters,wba_clm_01HREAL036
wba_org_01HREAL063,ZWE,headquarters,wba_clm_01HREAL040
wba_org_01HREAL040,JPN,headquarters,wba_clm_01HREAL041
wba_org_01HREAL067,CHN,headquarters,wba_clm_01HREAL042
wba_org_01HREAL071,CHN,headquarters,wba_clm_01HREAL043
wba_org_01HREAL074,BRA,headquarters,wba_clm_01HREAL045
wba_org_01HREAL075,JPN,headquarters,wba_clm_01HREAL045
wba_org_01HREAL078,FRA,headquarters,wba_clm_01HREAL046
wba_org_01HREAL079,NLD,headquarters,wba_clm_01HREAL046
wba_org_01HREAL080,CHN,financing,wba_clm_01HREAL047
wba_org_01HREAL081,SAU,headquarters,wba_clm_01HREAL048
wba_org_01HREAL083,NAM,headquarters,wba_clm_01HREAL049
wba_org_01HREAL084,CMR,headquarters,wba_clm_01HREAL050
wba_org_01HREAL086,FRA,headquarters,wba_clm_01HREAL051
wba_org_01HREAL087,COD,headquarters,wba_clm_01HREAL052
wba_org_01HREAL088,CHN,headquarters,wba_clm_01HREAL053
wba_org_01HREAL090,TUR,headquarters,wba_clm_01HREAL054
wba_org_01HREAL091,TUR,headquarters,wba_clm_01HREAL055
wba_org_01HREAL096,BFA,headquarters,wba_clm_01HREAL058
wba_org_01HREAL098,FRA,headquarters,wba_clm_01HREAL058
wba_org_01HREAL103,ITA,headquarters,wba_clm_01HREAL061
wba_org_01HREAL107,SUN,headquarters,wba_clm_01HREAL063
wba_org_01HREAL088,KOR,headquarters,wba_clm_01HREAL064
wba_org_01HREAL121,FRA,headquarters,wba_clm_01HREAL069
wba_org_01HREAL122,CHN,headquarters,wba_clm_01HREAL069
wba_org_01HREAL124,GBR,headquarters,wba_clm_01HREAL070
wba_org_01HREAL130,CHN,headquarters,wba_clm_01HREAL073
wba_org_01HREAL136,CHN,headquarters,wba_clm_01HREAL076
wba_org_01HREAL139,CHN,headquarters,wba_clm_01HREAL077
wba_org_01HREAL140,GBR,headquarters,wba_clm_01HREAL077
wba_org_01HREAL103,CHN,headquarters,wba_clm_01HREAL061
wba_org_01HREAL115,CHN,headquarters,wba_clm_01HREAL069
wba_org_01HREAL117,LSO,headquarters,wba_clm_01HREAL070
wba_org_01HREAL125,TUR,headquarters,wba_clm_01HREAL076
wba_org_01HREAL126,BEL,headquarters,wba_clm_01HREAL077
wba_org_01HREAL280,PRT,headquarters,wba_clm_01HREAL157
wba_org_01HREAL159,CHN,headquarters,wba_clm_01HREAL159
wba_org_01HREAL206,PRT,headquarters,wba_clm_01HREAL162
wba_org_01HREAL161,FRA,headquarters,wba_clm_01HREAL112
wba_org_01HREAL288,CHN,headquarters,wba_clm_01HREAL164
wba_org_01HREAL290,CHN,headquarters,wba_clm_01HREAL165
wba_org_01HREAL292,JPN,headquarters,wba_clm_01HREAL166
wba_org_01HREAL295,CHN,headquarters,wba_clm_01HREAL167
wba_org_01HREAL297,PRT,headquarters,wba_clm_01HREAL168
wba_org_01HREAL299,CHN,headquarters,wba_clm_01HREAL169
wba_org_01HREAL300,CHN,headquarters,wba_clm_01HREAL173
wba_org_01HREAL300,ZAF,headquarters,wba_clm_01HREAL173
wba_org_01HREAL300,LSO,headquarters,wba_clm_01HREAL173
wba_org_01HREAL272,CHN,headquarters,wba_clm_01HREAL174
wba_org_01HREAL269,DEU,headquarters,wba_clm_01HREAL176
wba_org_01HREAL132,TUR,headquarters,wba_clm_01HREAL178
wba_org_01HREAL305,USA,headquarters,wba_clm_01HREAL170
wba_org_01HREAL118,CHN,headquarters,wba_clm_01HREAL180
wba_org_01HREAL225,GBR,headquarters,wba_clm_01HREAL189
wba_org_01HREAL306,ZAF,headquarters,wba_clm_01HREAL190
wba_org_01HREAL308,JPN,headquarters,wba_clm_01HREAL198
wba_org_01HREAL309,TUR,headquarters,wba_clm_01HREAL199
wba_org_01HREAL146,ITA,headquarters,wba_clm_01HREAL205
wba_org_01HREAL088,CHN,headquarters,wba_clm_01HREAL214
wba_org_01HREAL326,MAR,headquarters,wba_clm_01HREAL221
wba_org_01HREAL325,JPN,headquarters,wba_clm_01HREAL219
wba_org_01HREAL259,CHN,headquarters,wba_clm_01HREAL234
wba_org_01HREAL331,TUR,headquarters,wba_clm_01HREAL231
wba_org_01HREAL338,MLI,headquarters,wba_clm_01HREAL245
wba_org_01HREAL339,BFA,headquarters,wba_clm_01HREAL246
wba_org_01HREAL341,CHN,headquarters,wba_clm_01HREAL247
wba_org_01HREAL152,CHN,headquarters,wba_clm_01HREAL254
wba_org_01HREAL344,USA,headquarters,wba_clm_01HREAL259
wba_org_01HREAL345,USA,headquarters,wba_clm_01HREAL260
wba_org_01HREAL306,ZAF,headquarters,wba_clm_01HREAL263
wba_org_01HREAL347,SAU,headquarters,wba_clm_01HREAL265
wba_org_01HREAL348,TUN,headquarters,wba_clm_01HREAL266
wba_org_01HREAL349,ARE,headquarters,wba_clm_01HREAL267
wba_org_01HREAL001,CHN,headquarters,wba_clm_01HREAL270
wba_org_01HREAL143,CHN,headquarters,wba_clm_01HREAL273
wba_org_01HREAL352,IND,headquarters,wba_clm_01HREAL274
wba_org_01HREAL354,CHN,headquarters,wba_clm_01HREAL278
wba_org_01HREAL355,CIV,headquarters,wba_clm_01HREAL279
